w_hb_B,w_g_B,w_pb_B,w_hb_I,w_g_I,w_pb_I,b0,i0,treatment_bleed,treatment_ischemia,ischemic_decay,kB,rB,kI,rI,lambda_bleed,lambda_isch
0.6489761751603726,0.7148863111738403,0.8706567129125276,0.15853831676334423,0.45360404110156055,0.16555802368855968,0.022657294068911548,0.0662007114570371,0.7344764032669936,0.9773325764435796,0.12559332259179612,0.865928405739099,0.38123793787543697,0.8368294026831035,0.4173946228681128,1.1057279574622796,1.672618572026435
1.0710492847503739,0.9080860342950529,0.7299206883028501,0.1719682074316899,0.8938232062850969,0.02011415970246768,0.020810473907576642,0.07356248317731731,0.8065623684637275,1.2988963963719433,0.19476501935560564,0.9214510249407604,0.3903868011850318,1.0673311707418442,0.33795129253206363,1.11121314581437,1.3014032285150718
1.0576503640376045,0.9015323858153941,0.6760599602111872,0.32952988120788684,0.6898735046283991,0.12985828200183466,0.028147073109729134,0.08950486399251117,0.8442651529361966,0.8984799948200892,0.1772861840740539,1.0819323553213231,0.269048800717875,0.8083345971187357,0.27815336556756604,1.2189724454411495,2.0614449887841535
0.7576915694111992,0.5337613242454472,0.6261296693958358,0.08358565023575737,0.4116825486798573,0.27370546426322273,0.029298670016165027,0.08594188525454392,0.6709327922827967,0.884543491396669,0.15839277331141266,1.1087724809560309,0.30837662240811625,1.2188750792071508,0.2983306327897961,1.1687528373251017,1.6005930782146522
0.9565477089705426,0.5615012363755585,0.7678901645510697,0.2952285223002498,0.7954555235184038,0.09392134968678971,0.033476699929310266,0.07673627619664451,0.751408830126465,0.985873364877695,0.21217609488308517,0.8723778042841452,0.25393315935044725,1.190200609754108,0.2041578483948688,1.266765068703984,1.556848996977976
0.9355163126287023,0.7288044912193661,0.8319302005260676,0.3651098017512587,0.8082124033909144,0.26270730350636906,0.029591518447445574,0.08273703364884703,0.5583184379008939,1.041635339205735,0.17501330869980153,0.8515537614002855,0.36645463280366863,1.056006813018758,0.4167152288797854,0.9962714321855428,1.8461885946035985
1.0579466738790084,0.7554753106197357,0.7935927950706786,0.21452260587500188,0.5376194336002322,0.09307773220356165,0.03168894811313542,0.09376054706278736,0.7678382596094078,1.3735563311479004,0.22468011842135388,0.9445205538718273,0.2974483511906353,0.9086494927854373,0.28992996727612574,1.0980179879731544,1.3210855115583526
1.0346655922450023,0.5536581320420649,0.6786013541030476,0.3333907376676513,0.8339062147503813,0.14513205863463452,0.028206121374856893,0.07562400836164816,0.7894221205071252,1.0843225661412372,0.20908372057916708,1.2071649202699715,0.20629392044907635,1.1022462857691373,0.39223205666283234,1.131176087853765,1.6426377425222276
0.8949815515104216,0.7437221932183321,0.6984479379943029,0.16355612833450334,0.4978888382503407,0.20455939902150472,0.03410147698640903,0.10221782889020098,0.6309309061208961,1.2446410615177195,0.2036418100402863,0.8454973239538128,0.2699411408773635,1.1703027929160135,0.43969645332995677,1.2547437373082602,2.0659868835391775
0.8768842336640665,0.8797746408444308,0.640854667388971,0.3708041628630095,0.6358138997127716,0.09701081517342498,0.031407989114686306,0.08866659142434519,0.5105644473407849,1.374697429106617,0.22439520521156786,0.9608403041369296,0.26070206286253633,0.8356016342614697,0.32387841102994946,0.8306649601134347,2.088193919376246
0.8989404595223062,0.8029483276149698,1.0443449341719082,0.37026334537750893,0.5975561153026059,0.043295180496668036,0.02745372525893223,0.0695086129067246,0.8603621292306831,0.8979276906021664,0.20417187222076813,1.259218525045212,0.35880079483592564,1.1396663180836941,0.36911325370045267,1.0826307694065043,1.870238024996672
0.7797715306679806,0.46451772167911193,0.9419032684337096,0.2854300981345063,0.6776626250464561,0.089471562625123,0.020292487119774928,0.08796136992198506,0.7258745889090956,1.155397009191613,0.2312544646153758,0.8636621349982733,0.39839219085982785,0.9798145613234868,0.2884779835608708,1.0516020312761993,1.5065916549390224
0.6984506026338024,0.5551754344412877,0.6104731185476007,0.3036189559138335,0.6805119987020981,0.2511058738726689,0.0286293528521639,0.06279335671839963,0.8693452138482669,1.1837647564841127,0.20253792071914095,0.8735993555627669,0.22275864656366973,1.0549657693594823,0.3910073430636923,1.26231536516309,1.3184934450172126
0.80912414807387,0.9051749900199538,0.9297832888480253,0.07188789048221109,0.6832320221966837,0.13389606217691905,0.022041563334673765,0.100870885745571,0.8311741354463071,1.2373544678671469,0.1312710886391013,1.0548157882569376,0.21304412192320338,0.8744905911536762,0.41168776651246586,1.1132371222665032,1.9344428243181646
0.7394900653604515,0.7352275312919674,0.7734137194508627,0.38904040436875087,0.7283741182633877,0.22857681687103498,0.032918062017831706,0.08675981187109734,0.5914120021335016,0.9097309180767644,0.2064046531556767,1.297534108726686,0.31864514992011306,1.0890271505781612,0.26614438111943023,1.2229530777245823,1.956999772295312
0.6695733512227134,0.49799193678447046,0.9248001365440105,0.13126479595530716,0.7800939973976575,0.17716800224165877,0.028998130936496794,0.07762399678094753,0.6839985252795878,0.9398037192001538,0.1247518152173072,0.9374748794071837,0.3357139915241083,0.8236078756911069,0.2860102300153174,1.0902376533778257,1.695646436924996
0.6205105814222464,0.49585452991765566,0.5609106796071316,0.11065248932401159,0.6052846980265687,0.019622845012805687,0.02356573167944582,0.10066797445632727,0.6769608493046811,1.1876013004890493,0.21234352024987543,1.0876766365421793,0.2179973119479572,0.8382390855093088,0.38481931861865043,0.9451399890175447,1.7150275525017296
0.6889887172760559,0.5635507965291163,0.8582283435010379,0.06247846460068908,0.4301655127101336,0.09611429687880056,0.03191377728825623,0.07526168668409233,0.8375268637455364,1.3464259916611432,0.17952904591191465,1.1577637737010753,0.3852630302171944,1.154129658634167,0.2551634429065425,0.8406563862693367,1.5161572732379858
0.790992862050091,0.8390922145716764,0.6875538719946344,0.3573804073779657,0.7463753612148036,0.29275528267729045,0.02411494096437572,0.06033980184436116,0.6961769081091537,0.958234803090956,0.15093287259508098,1.2086627811641164,0.20330301601215828,0.9638115035591175,0.36575668757780144,1.0071714826618512,1.6861857685854593
0.6287371077506364,0.7178403454473464,0.6918224473668326,0.26848635965328127,0.6573952790864195,0.03554780124513506,0.026299761006422014,0.11659888137950097,0.8151775701700119,0.8805787397388597,0.1379835560458887,1.1923572909717064,0.3779587277587646,1.0133696425705025,0.20352257279912783,1.001019581572706,1.502530456874952
1.0417844872479447,0.6737414583298781,0.9842947135330646,0.2085497590211694,0.649244993518559,0.22955318475618222,0.02771238565321476,0.11240748703359134,0.6664082942085636,1.2143697123517927,0.16752258734969175,0.816565326747597,0.264006503733339,0.8185248257111184,0.3928574560096988,1.2112498991431622,1.5193628213975119
0.7517531490043489,0.7967693510258624,0.6083328390584615,0.31126527086612954,0.8784729061234344,0.01740574869283194,0.031726365933328476,0.11567316961485963,0.8421338592188702,1.040623121141251,0.1318603727654018,1.26869647181893,0.36164425342453166,1.2294964685352103,0.39882180513915444,0.8793121811955927,1.6129815385898136
0.8130103717999516,0.5764639605251294,0.9658317093033444,0.09918736977628421,0.41024814836236356,0.2432644184522962,0.035461768401283955,0.11297199058843273,0.5754179752212064,0.8500462257437277,0.1769782348935018,1.2224948416876953,0.31622797525679003,0.9495555983590965,0.22704787127935364,1.0991806800406994,1.574272958029736
0.7336275826143357,0.7709158196736993,1.0370910269153932,0.3439655646938818,0.8501711479694758,0.17363135990146936,0.02048812726237604,0.06370268750215312,0.6902320870460087,1.361694466764329,0.22986806420992814,1.2901150440404283,0.26701033645055705,0.840345139859625,0.23067847589768936,1.0918085858000164,1.901205456532128
1.0272906976034932,0.7600671942705175,0.9763330034977658,0.10412042744923909,0.5735918827906771,0.11657656838878645,0.02764139145295291,0.08198948321144117,0.5217585596256188,0.9790312158687222,0.19952429831164015,1.0063404085704513,0.19697122959589214,0.8440851847505889,0.32323366543376497,0.9674531138683329,1.7404234138058516
0.8561166593949605,0.8427774173463223,1.0413687753309044,0.16236198723475065,0.5424558079050614,0.02242641021535939,0.029533379895754906,0.06006291841267134,0.6548940897398781,1.3274947521474423,0.1590415369408405,1.2933030897019377,0.21371772272554102,0.9906001935371627,0.20137062938727993,1.0290095243354327,1.3523716032284332
0.6791325622746744,0.5442110109952969,0.6146064034775659,0.14993805703651963,0.5323532459313078,0.11357956329622958,0.027391545819566175,0.1066493982216222,0.8794422583005902,0.8924281445905656,0.21514055552402858,0.9267328298529605,0.19245910871668362,0.9483008510393249,0.3441475836567205,0.9245985340463401,1.3608940875229936
1.0661672829602988,0.7563532672876843,0.7949377624985292,0.3208276231435913,0.517035316325431,0.22467749087002703,0.03391108719394058,0.08528365404730248,0.7869039169544683,1.3502048271119755,0.1228548378844996,1.0206537796618536,0.2664170499711774,1.0289060392549536,0.3104726729551912,1.1989028010575506,1.6769227929874966
0.6918840461472742,0.7580643089055881,0.7478124469539656,0.20511755194730086,0.7490915673018657,0.26447057719324424,0.031216346719583503,0.09327677436783612,0.678351947510481,1.1366777306615008,0.13076251633659292,0.8365659441419929,0.38899634269036754,1.1107657169055172,0.38826036599806196,1.2756725481246725,1.7593609478475674
0.6466226658774367,0.7525675918388469,0.8353262509896511,0.069652028990805,0.43840651644433987,0.16737757636965092,0.025493428545303835,0.0945442213459127,0.8856361945610709,1.0046889742007417,0.22316980860013508,1.2173253764861558,0.36091540318711457,0.8454755389859507,0.3712371844707456,0.9820740649197388,1.9733791976761983
1.074226449612782,0.49262376540954234,0.9563289598159108,0.3562352793595566,0.6643617725417945,0.2017394367916664,0.029482980783969902,0.06304833533446515,0.6512940861348889,0.8955209103581513,0.13621333903875504,0.8904413386501407,0.31555828072541603,1.09615547301055,0.30489962995294806,0.9285928764303077,1.3894317988193923
0.7245924014100852,0.5803660893128462,1.0008245093801882,0.23920420328886732,0.5513219295268997,0.22156737546528799,0.022255672978494012,0.06218188227915262,0.7782169056019298,1.222690091286441,0.13303724890186386,1.1954428385723692,0.3948171781906227,0.8928358315073799,0.42766175628121506,0.9665136448443932,1.8985183731844364
0.7927333850753759,0.7214753252959999,0.7436729033968106,0.2729550105188809,0.784920769794848,0.2473409459722017,0.02430525279169936,0.08469185686871854,0.5405432651041814,0.8785972907939974,0.1562365589794316,0.8270799161063814,0.23638179635615655,1.0520173689128525,0.42255489248266764,1.0510883239187376,1.5924069373367664
0.7886872409947813,0.8268974669518951,0.7391688911841837,0.2757921670930044,0.4226848769461934,0.011996080156466117,0.022425456181026267,0.09399601380653319,0.778976163332914,1.0196654882567482,0.16515553644455142,0.8847834115761963,0.23100447813794564,1.2065207548973416,0.24146996279873106,0.9058978996037494,1.9474299567933944
0.8287505036961993,0.6621223954281501,0.9754790821848902,0.2426280812109547,0.7941166850678086,0.030695273211480113,0.03598001450792309,0.07816204806632232,0.8392842490366634,1.3343609657999806,0.16127842877212145,0.8249042993786486,0.1813545447287932,1.2273023029731491,0.3026958817038543,1.2456479630954842,1.718489250496867
0.6817539417380294,0.9389988783846731,0.8575116549787513,0.27508902970416904,0.7596665072589032,0.039261814537591,0.03338357535526227,0.06930598781482783,0.8577672778726946,1.0253737885222542,0.15999608601638665,1.0971865187417436,0.24282730392284058,0.9265137161357325,0.4145434333635819,0.8627594520541932,1.9025072876596936
0.8935512416331108,0.7068837794162978,0.9950922809212521,0.33454329334425986,0.7151514541836359,0.26121138106954006,0.02751650325319743,0.06464071644638048,0.5565444709697787,1.1672407190166263,0.2197779071820602,0.8605296552454188,0.31096989809106457,1.1933139764488467,0.24225436855407145,0.8601055851956048,2.049529264862841
0.7658525602464608,0.5460226845660522,0.6568799806603429,0.376877167222875,0.4936235741548024,0.18658021563654864,0.027017469855334847,0.11802526156593467,0.5712578029776528,1.070265830677319,0.1877090475413372,1.2144883970881901,0.2436617803601277,1.152065957162127,0.3700201342446359,1.1535344556947995,1.7928612817286045
0.8317780058329286,0.48599807189250094,1.073847693650539,0.29094506915507246,0.8604262973688959,0.05896561570699757,0.03161744499545854,0.07075499244126217,0.8887231367325981,1.1148816322326551,0.23380207475966608,1.2964304630097718,0.32910128375748704,0.9016687757410421,0.40788717472279146,1.022772220217413,1.3911069298510719
0.881447969886429,0.5470386429017255,0.9441698012546366,0.2975529449692944,0.8098252256902089,0.2875505905834304,0.03073979855788046,0.11207453209729645,0.5629083574437292,0.8738263623601408,0.2316507783812824,0.8359173154777643,0.19647271409152225,0.9178532467067929,0.43701231425076376,0.8429290571132724,1.3695732549360742
0.860806240902128,0.7088049203431183,0.8868865122209535,0.16026171081660034,0.8021422864582253,0.18420777749738,0.027832094267924882,0.06652787527000043,0.8130217001969307,0.8941250565922366,0.12846288729284777,1.1389920420861044,0.34878873226109874,0.9234743138724505,0.2250182011683302,1.1549639507783753,2.0870806900522103
0.7726382932321578,0.9128454061075556,0.6490541747455099,0.14647004668725785,0.5011743346837857,0.09092579991912873,0.03151828864285191,0.10118678918127143,0.5007513298277619,0.9141663077019521,0.2188259489032388,1.2449685914102324,0.3684631345648922,1.1138592376301142,0.43841418445024505,1.1780771314708027,1.9219546645434824
1.0155303984706743,0.490050177790563,1.055364071700974,0.3680632778302479,0.5110473254623668,0.20586362027599422,0.029717918402677172,0.10686590311390136,0.717319360654266,1.3884452376903456,0.20708547401824579,1.247862505480165,0.29281367698057625,0.8091551101665583,0.36398691582609427,1.1063761675967319,1.8223971231906315
0.8532398728611694,0.8421422166651242,0.8518465313656485,0.39276657783294666,0.5830026505895167,0.2917835887643612,0.029849555203554985,0.09048332505232798,0.7551383317120923,1.3858133981313334,0.12221509484307169,1.066127027976885,0.22053137108434726,1.124614635098722,0.23585936894535497,0.9426412118765766,1.7739631816931367
0.6310163944221212,0.47240998842994797,0.932371783900235,0.3527313473258114,0.7125827579529757,0.06385044104475476,0.023118215642413335,0.11737250457521553,0.7754005465298767,1.0940644535832662,0.14062157772112613,1.1502315327062402,0.2814682305059668,0.9276749185485993,0.29630938547419405,1.0758483966321428,2.028439100326832
1.0445559846397006,0.5418761088183567,0.6243172525773679,0.1970236956327014,0.6325431040256493,0.22609063801076879,0.03252785857892544,0.08162163605328632,0.5291799527952937,1.2069624385973579,0.1572772917155354,1.0438488391501288,0.27736725274652213,1.0492569795391895,0.3541395310302194,1.2680023056932574,1.9961511445530506
0.6020204296608647,0.47741760070211736,0.9111825180138778,0.18955288570643786,0.883521157807859,0.06989922928979656,0.022051964678251136,0.10973152203385977,0.6421345696816488,1.1654429644007511,0.1625171464161415,0.841166682647739,0.37357691239969804,1.2017046928717607,0.3857542853206781,1.1254639882239728,1.7882259892313712
0.8737729025953653,0.6084709846235756,0.967026197576831,0.34707244833405726,0.7349315917754025,0.07725855020100984,0.025680516018665316,0.10898972009323168,0.7988653674001658,1.2958561271598141,0.23670006249537107,1.016193172680046,0.21226109108362323,1.1507641343241046,0.26126043824787176,1.0128869569937065,1.544276122569768
0.8389019988704494,0.542622215774873,0.6555868930970618,0.35958247514167646,0.619934285037919,0.0550967459361938,0.0232325756519014,0.08843943594097674,0.8983286228518841,1.0766622531935477,0.17402613746544138,1.0325008508199132,0.2036069920094528,1.2391453238702947,0.2918996851687282,1.2944574235899062,1.4062290031368356
0.7088234846153969,0.4656884991575533,0.7326512541500729,0.312877291915299,0.48944941801275077,0.25383963096806017,0.03538897555439116,0.08694303005565121,0.5375582414440712,1.091237484723097,0.2076464463001668,1.0787000284586485,0.20245024384429403,1.04351137956618,0.22220466622092186,1.2090697570391908,1.3296941712407073
0.823736738119453,0.5497335619563062,0.9203935637814746,0.1301439679873814,0.4041428465162757,0.05593542581923273,0.027957701421394365,0.11767675516526879,0.6360307032387472,1.2192068293636291,0.18299739890566488,1.0083101068060583,0.34773013615704856,0.9140505771702879,0.23101273091783556,0.8175371825322695,2.070467967589833
0.7948222202732753,0.727394096099921,0.5982475832954122,0.051801665038912786,0.7166976781111619,0.20015778732905753,0.03001052777848189,0.06688653555497588,0.8837878123850875,1.3054481508292217,0.15282772181535287,1.1775479248403031,0.2316304612028865,0.8750890444558456,0.363053727069824,1.166736762200527,1.3720158174017731
0.8849476948389616,0.6858765839031096,1.0852349829012335,0.3394266969532454,0.8683532266600649,0.18562064997298397,0.029157778415776887,0.09682191438727106,0.6660722849119289,1.2310485426728415,0.1494502733744958,1.0514578088111475,0.38451438741400057,1.1376192883870755,0.23668187888083025,1.1168570344373943,2.026635881282963
0.8269891434318811,0.8248516207592228,0.8143053334259762,0.31846265730970535,0.44728709396829847,0.2767355408256681,0.034608005235190774,0.06716042647279863,0.5707384638675179,1.0649305447272739,0.14148806638499978,1.1471717693250443,0.18816000623892803,1.0505337000391024,0.3571221506827683,1.0697984521745147,1.8429068707079888
0.7107193305529645,0.6151005301300682,0.9166219668322737,0.05724083368127041,0.46315685209999463,0.10923313122860592,0.022323467813540644,0.09637837249655282,0.5538958485881627,1.2516098322648073,0.18025524376074412,1.2569030823097997,0.19867193249355344,1.0770420196817672,0.32930098723381507,0.950180501818996,1.4706490118828177
1.0294690142912173,0.5254538216439244,0.8670014511198701,0.25583230670979173,0.5401596920085532,0.037589713657037,0.03181680661448506,0.07913969454867895,0.7834679452523163,0.9757232169854304,0.1910455174435075,0.9185969731465832,0.2817900848359225,1.0298383139540337,0.33277917513495775,0.8923023363515027,1.890637048566004
0.9831365835523719,0.9440887067163947,0.6669375174807514,0.3505971680165485,0.6128778589839963,0.021032934080715594,0.03514852891662541,0.06588376262904376,0.6933220643950869,0.9697678905797459,0.1756999023405874,1.1104172201754792,0.3856657199867937,0.9526870030532715,0.39742293886391356,0.9588673972285053,1.4547841708890967
0.6652960871423187,0.5879251073090179,0.9718313759555552,0.37516464175612885,0.7582957550799221,0.12711051045854996,0.033881255314153515,0.08775274220910263,0.83624832756459,1.341104831155665,0.16112347591804993,1.1468724245165598,0.2983218438952115,0.8041033743171584,0.3864985268587948,0.8370763820287574,1.5845781168365014
0.7430698480990487,0.7397551783191881,0.5975685798788828,0.2576421331699421,0.6330387609901769,0.248248621431138,0.028040624644275702,0.10212121180419062,0.5163753542640216,0.8583021099174302,0.21674619199243045,1.1045210373943333,0.2009242606379602,1.0419619818364747,0.36187002031552606,0.9886990931690056,1.8559640594821063
1.0779084200862703,0.7159673169065275,0.9153686056998286,0.24169051584348195,0.5027223147741936,0.01437147614588478,0.023189425365082,0.08992879854080926,0.7608015341649055,0.9528311130352928,0.19730542828923453,1.2639833161026428,0.39162415039274906,0.8704800855071957,0.28720808237095025,1.2563284503797107,1.9782184099592053
0.8799681153694585,0.6456075875647003,0.5891264653430843,0.2626779291438564,0.7174220672879427,0.19225140376430708,0.03497221466026802,0.07726501837236083,0.729130775936109,1.1197411052619335,0.16706775121575967,0.847723176233941,0.2404304382631717,1.1998536365646784,0.26961904743952414,1.0080946433645195,2.0742589783545213
0.7034814787769105,0.9074892206280418,0.9501857202105966,0.12344297166094481,0.6417132282687872,0.1460250984878695,0.023953506835466237,0.07387807321438564,0.7905670491733092,1.381064939759345,0.16953809935423875,1.0061338120033236,0.39628429101434565,0.9756742781776752,0.3425721309344718,0.9473368310397063,1.9073538436168753
0.9643609501404515,0.8357449207428594,0.8783330581282524,0.29294281716566706,0.4170543236133765,0.2233563941780016,0.022190041751046802,0.10364762688788448,0.8893488852926285,0.9905336450294144,0.20441464914034282,0.8405647282970629,0.18194891635468213,1.1555719786488323,0.40003162240724277,1.0741141011410682,1.8788978146346893
1.054969267175821,0.898619908206197,1.0620979635534855,0.26498328227881857,0.7789798074878361,0.08644507039433716,0.03375791955545016,0.08488692821089569,0.8732636833650017,0.9638992734367785,0.21109857962235487,0.8519181804120582,0.20822982978870241,0.8720896112962949,0.21183558088756785,0.9569735652237288,1.668967288161125
1.0851268642023668,0.6872769735999156,0.7602392008090343,0.3641099468647345,0.6614773166800896,0.024835026764558003,0.021148964906426867,0.06259875822943656,0.8871114987614536,1.3540098661165958,0.13323706245768135,1.1121621597103837,0.271807166626018,0.9874137550654544,0.2645293525890911,1.2263174185508972,2.04313169049916
1.0213639352118418,0.9353941986014508,0.7418574474026195,0.21018871201502176,0.7767385636744021,0.1264016235977881,0.02845400288893539,0.07141187015035418,0.8951881384730486,1.2587634796459144,0.22865520110086385,0.8335759326882364,0.338026576823775,1.2446668352394599,0.3676668069983079,0.8458298458354351,2.093979476133277
0.7302466897807678,0.6258445686698683,0.9191084790479118,0.11521626160165667,0.64429400702925,0.06915812967811864,0.02835278134586941,0.09931109532332985,0.78553994772557,1.274661124611955,0.15020166836290427,0.9773534519758309,0.1916780878221295,1.0687224347622708,0.2069933652775468,1.1507748747977429,1.6585538830761506
0.7168436563223858,0.8959916085214759,0.7083869337345927,0.308234666243493,0.4594744236690215,0.11138146636224676,0.03200942494434207,0.07700331628375176,0.7388875461635852,1.080951315592108,0.23911092284335844,1.1224149101254888,0.20461380033377888,0.9114238584712253,0.2638971252819583,1.0339344617544897,1.4084647024728039
0.711429873406255,0.6717346464685605,0.9609472443198922,0.3411983724655056,0.44175059882846235,0.20678553349064632,0.03077940099157142,0.11753972304954047,0.5796956518164597,0.9224264825009834,0.23184034101588913,1.1731007111992917,0.32052901089315333,1.0708573102769336,0.33821943523745807,1.2485457753816314,1.9848727006848828
0.7057839316212038,0.5156352360719876,1.0251339684121632,0.14192058167862712,0.7110439270587715,0.19805334085603582,0.02489128307883788,0.10795278106561529,0.7491237699392463,1.0140529203557485,0.1559078924127237,0.8129768519503229,0.23968545580063283,1.2198070114595243,0.22616254279647668,0.8329271591776038,1.9991460349877577
0.6183134353471929,0.511761298650252,0.5751554237148483,0.070161847567727,0.7646073086769546,0.13093636765676886,0.02744528796448777,0.10630454896386117,0.8435733561894825,1.1832021998382012,0.1418791683972091,0.9909114551458047,0.3016194095795475,0.9385415141267665,0.27141480723891565,1.23598803742196,1.4171304263152165
0.6517571196725227,0.6033942352675089,0.5672643889333102,0.20667548043139,0.705942106443728,0.29920333949513517,0.023493441859742233,0.06161050901480914,0.737134067711596,0.8868553714493603,0.15671705115393136,0.9517421191453642,0.3307576723903569,0.8591320603278054,0.3037162916002596,0.8479560160280024,1.5254224066856992
0.8421519001940663,0.9490618489596532,0.8094385929745642,0.28864670621837657,0.5560341438950875,0.2035556273107139,0.026100272867872358,0.1111325419519222,0.6509940484385,1.2099315130594916,0.15525311938943903,1.2998098033305412,0.30275058661770815,0.9814628240026285,0.28129790713612723,1.1095591725037357,1.5599440097449506
0.7688414478196346,0.7952885556416704,1.023316507855493,0.3492536930551719,0.5753059099657952,0.10520037594329015,0.02677350881195527,0.11039702182669747,0.8468537358626682,1.1991906070279228,0.19298667020569976,1.0533646837546096,0.1932070664696349,1.195313647014657,0.4128452299651912,1.0882137512523613,1.9496798473372665
0.9308688177473132,0.7908261043284157,0.683507417162917,0.3979264730268786,0.6141867635268274,0.16657988701754242,0.03504311027082249,0.10313611707482864,0.8918433351058381,1.057080936504938,0.18333651289702738,0.9400984155200005,0.3326945496955508,0.9154907231104272,0.36506152479267917,1.0456788083507553,1.393182581096562
0.6359647014319367,0.519030516420446,0.6903459308608773,0.06519974105419989,0.7004244348022917,0.11811858651878454,0.025921365198741168,0.08051823040592493,0.854411187165311,1.1946871193607085,0.1259799861811151,0.9065220702282741,0.36724647437144686,1.1820921874901011,0.4242352511303431,0.9224334149774318,2.011990300792181
0.6632040142463586,0.5738019234385173,0.810689661455891,0.09561215110494703,0.7973834311523125,0.0881050697083944,0.028095371884875386,0.08035501422944266,0.870283420293444,1.3724718052006932,0.2383074271160957,1.2643010750259274,0.2959047120092836,1.0320731742382252,0.22143526461664714,1.002854333048227,1.7771714560972642
1.0232224371774479,0.8709661265361258,0.8236709793287558,0.22136758243685806,0.6112102166105158,0.0035187924676981347,0.03341663516674251,0.07506825971408354,0.5089988858779531,0.9059304021836669,0.19032881966038023,1.191174965371483,0.37542495092588446,1.0611762222292542,0.20285833403615827,1.2604186777692983,1.4698291980043026
0.948910859400276,0.6415364131431474,0.8251859151854941,0.1785902565818135,0.49923037991060615,0.29724931532304255,0.03189362503303376,0.11222875225946183,0.610932529453464,0.9939477227434605,0.20132135524417433,1.2770246998894659,0.32334605719659815,1.2163347465297791,0.2806753623887699,1.1569599844004836,1.8490891399693787
0.9105299539766276,0.8567403620184816,0.8203262340055439,0.1948274990810428,0.8219172600133149,0.1382138993770743,0.02402179868807531,0.06441902763264391,0.7274605510621761,1.198692515654482,0.16354888057889228,1.2601946707969733,0.3879257035602528,1.104545385341801,0.402374468799252,1.0201408505088223,1.563907548677506
1.0070391246230275,0.9421006828769732,0.6364205962433708,0.37857304115553486,0.6762075438409413,0.19885964205343032,0.03330736231472188,0.10842597158877162,0.8334570174341921,1.1913758849005083,0.13241075418141338,0.9417228423763029,0.2554411561225881,1.0485541914827456,0.3553582839977196,1.2353229092462827,2.0338108102956207
0.7751287423239386,0.4717967940929308,0.85497140356814,0.259847151955331,0.7533827481583844,0.1390095764493547,0.03238405020619556,0.10009883625877156,0.6210440086035662,1.246385355497297,0.18549807983897554,1.076961704005099,0.2682842324733458,0.9693249815100808,0.3274038765691873,1.0170662121749212,1.5785836509550386
1.042869029742449,0.846589630635762,0.6348628082547147,0.3179285858170928,0.5958390053362983,0.19781182452307652,0.034505895448048114,0.10740871390499149,0.7643039771633244,0.9365807263457399,0.17113347620645256,1.27489680276513,0.346597831140373,1.1918240194356973,0.24850391177227515,1.2690556555090289,1.9084737646421195
0.7543432179118457,0.8655662923393236,0.963953253210563,0.07521002860082601,0.7577918280701414,0.016855916672232615,0.030530188784339274,0.08229393392784648,0.5648013133362844,1.1006310927446785,0.19780555803635597,1.1260537394148558,0.37822149137077776,0.8515144960434743,0.4073379073555895,1.2479403808133662,1.5319780831329457
0.6129715386085248,0.8931096442298435,0.7776579159618543,0.05898895957764791,0.7868245127530891,0.23501365392797152,0.029683447430856408,0.10289883702443792,0.8685306712665047,0.9841711474880579,0.14378890408870773,0.9386957398282479,0.2886279015176841,1.1804597695488048,0.25564502083564444,0.8651826684167048,1.9160441632503247
1.0603586560751823,0.741454391211493,0.7308634393137653,0.2528660400564198,0.6700763994291282,0.274578562904042,0.024912241920445454,0.07580640327024452,0.7452692498260856,1.2022723593311992,0.19207115286264298,1.2807592740380556,0.27955588429837624,1.1939862924617368,0.2981713545937481,0.9546515382768053,1.735914618907914
0.858096259052971,0.7847191450967335,0.6735364397701846,0.2866344810006726,0.48742032076567987,0.0025268937031048613,0.02477411724981955,0.08372878536387615,0.7703506199301609,1.3473832003798354,0.2361705768851608,0.9801466916778915,0.3768066810429975,1.2115590711689441,0.24729352510281877,1.2526024862987621,1.3550795511922746
0.9806639217059759,0.6698669113958438,0.5847205984931496,0.1330728475939238,0.5652830748611178,0.28111194840721054,0.02273913844826689,0.10826719969299933,0.825272715213208,1.0363056365302872,0.22084208736243927,0.9188007338580786,0.3426798130730132,0.9608113509521878,0.20971491569464318,1.2178556014065913,1.6534211562283587
0.8662089229170056,0.922009313745576,1.0279564903081624,0.08694026217935877,0.5476202267221965,0.1748554494494993,0.026563876579870527,0.08754748038019144,0.6745815595976095,0.9391166525025297,0.21949782654416033,1.200956670968291,0.30197311729404214,0.9884409696678662,0.2936488629489706,0.8403753644734008,1.3452515390611055
0.6277267140531284,0.597988755606887,0.7828652129836512,0.13747141815551375,0.8568037531068758,0.13560715557946293,0.021304110867908073,0.10553183409626785,0.6868849706676576,1.1511886902668684,0.14464775381987072,1.1000666797476428,0.34472552904574916,1.127223144267583,0.43641374823651913,1.0424979257332625,2.081877398647004
0.8512657796785423,0.7658230555898549,0.6697196678234071,0.15069922985367729,0.5614063140549064,0.09783401375571746,0.03557741632346914,0.08095393419036623,0.8742018498123993,1.2526118129402612,0.1354298326032009,0.9540904072996726,0.23052234794560295,0.9062541969584208,0.23882196436483102,0.9911992778854931,1.5673621299632148
0.7253917392152861,0.6316721097900376,0.8990708176327483,0.10007474246225623,0.42726923186496707,0.07649792937653206,0.024800789645835035,0.10462053244434893,0.7719535285563623,1.2239196909946481,0.2261971829252574,1.2948538641143306,0.24207631449596392,0.8161503535804789,0.20648191471637362,0.9704676060822699,1.6904662017314804
0.6947548022847196,0.6780280701420972,1.0666950501691086,0.27072682353485733,0.6072469375080063,0.20902620869353272,0.020789679408832945,0.0657614593146536,0.7502133347149016,0.9812695780271952,0.1293803344122719,1.2791074817689423,0.39200338585076916,1.0220771965875286,0.3503912035784391,1.215330813734064,1.5813586703078193
1.0298363972494562,0.8197451539648275,1.0923966547351927,0.39758014638886136,0.48362722370657835,0.294240996948483,0.024660552392706918,0.11250379696645905,0.5907921144386903,1.1333769677253058,0.13824724347091707,0.8445855418153349,0.3087382355894996,1.1492261587025636,0.24575689312161164,1.1921857847569706,2.0959808273531406
0.7063850604235342,0.621024789875286,1.063216821580561,0.22916634215507964,0.7478093685111661,0.00540671949574168,0.034656693124070964,0.0949083168643863,0.7018608773551684,0.9268755893213939,0.1423158715706897,0.8643918505246954,0.2236080978200379,0.8017465173669033,0.22913731666218695,0.9636669859281329,1.527826760457219
0.6895290672820921,0.6437604721488366,0.6193885744625441,0.30561042404593486,0.6299727099889478,0.056795042054184855,0.025315999278888193,0.10481606642191561,0.5228372339747432,1.3090542188299343,0.2330124375354788,1.1888814680322903,0.1999778039498943,0.909851138711352,0.20851865676435466,0.9645761927061698,1.3674047261786058
0.7898326005751983,0.9392523112565763,0.6377332767310006,0.15276119938067728,0.5370687571233265,0.16340213923503435,0.029950946460714195,0.07991198894425064,0.7574956945500777,0.9531612813871604,0.13492707752125832,1.1304948932770293,0.30983670920874606,0.8501356346026783,0.35178542594430706,0.8910240115554887,1.8666439227142972
0.6731481372000678,0.8451687244867214,0.7714764700611965,0.23406756535518575,0.8159218515104172,0.10785927539188592,0.026196164108721276,0.10766336175246938,0.6816929553297191,1.0503992980701795,0.23658859346974886,1.0647385472228543,0.3323629858663869,0.9400330459528683,0.2959831107425037,1.207400903970733,1.4639717301139732
0.7281475736045036,0.530808735346755,0.8433765646713134,0.20232925482252345,0.7897303612290205,0.078056735720149,0.023656482018042102,0.06771593645703351,0.7352331409640636,1.339312699407885,0.16452395119913213,0.8261349281022179,0.1956846396281266,0.8204788238959216,0.27103029178483334,0.9309213686600379,1.8537624261028833
0.8352870079619115,0.7226096836942809,0.9333688459568485,0.3995456026364103,0.738048797310525,0.040796466621021814,0.03354869432577317,0.11821060024356406,0.8370390072980674,1.0091593528879241,0.168699471920133,0.90354588710058,0.325996421326603,1.1445348549741452,0.3052564045844727,0.9776073335852538,1.7311007133336058
0.8329712196196558,0.8034766829950859,0.8750632033481001,0.12316075625418989,0.47502256574706714,0.21541080225924927,0.033104873705698645,0.09879190745891273,0.6728160738298026,1.0204443616160837,0.21002684831644364,0.8431361602822822,0.30577037396861656,0.8554200429840425,0.20527502426699085,1.2247016109134976,1.7478765677615793
1.0537218525430652,0.5241557864321194,0.9701669273520612,0.3855174254403123,0.895625443276141,0.07553780969118011,0.022461650046897756,0.11472245411538957,0.8657636960214958,1.3036950879352895,0.15141677115865332,1.0602574297007452,0.32518886941189495,1.2475896342395354,0.34148573874721366,0.810166725212939,1.3535329053271448
0.9605280021636309,0.943255963764574,0.8225119076445297,0.1802072083070122,0.44022849102673844,0.2678664165713541,0.033619407135480936,0.08817507637636367,0.6467844286671373,1.0632943942937418,0.18359887411794185,0.8990154651420279,0.22772418178319026,0.8675745487572601,0.24993596899647402,1.2631188699833271,1.479420300060848
0.6735757565701572,0.6503379800239403,0.7852375554585139,0.16656732531216978,0.654392607271312,0.1322156850936788,0.02263800939804831,0.06192119049119173,0.5618764543823218,1.02946713939927,0.1432821226738339,0.8713349375677583,0.31759531806976415,0.8139345922841692,0.3952388340993651,0.9724492078306294,1.4762428705457367
1.0113192344274604,0.5586227336580731,0.8407360049279444,0.23811254595903947,0.7396211165071733,0.28319346619159774,0.026661349230281916,0.09738213122259418,0.7245461550871779,1.0026932836350906,0.20505523875591153,0.831370978721914,0.39026211200449745,1.1417880557089117,0.2927739205651968,1.0384688378656561,1.8832975584757574
0.9126654553146845,0.5731402358938734,0.6843851603147837,0.12751126685112657,0.8583440922466401,0.22250435854983472,0.02101215376547611,0.09591582671074192,0.6263475566528092,1.1567523981317303,0.20674829129092653,1.2157340827697205,0.37028012159389245,1.1626937774078188,0.328655174090825,1.0419820544418723,1.520044392023364
1.0169755228537896,0.6532938051892196,0.6336132374841782,0.26161138813743695,0.4785344316894675,0.1726968090292463,0.03359987608426721,0.07051308333738161,0.7619173398216664,1.1256502552171563,0.13040308245670149,1.105899422478182,0.34939500302575377,0.9997354636795321,0.4184432381485248,1.0940401308920324,1.8873829081792126
0.6152799692230784,0.6470576527106026,1.0945298021452916,0.24851531480987105,0.5770671034729205,0.1820845060201993,0.026710533407578445,0.06319816914582282,0.7449464996223338,1.1686902407312907,0.2346505090285669,1.268789234592091,0.2657947708767977,1.1989483626746584,0.3201948274284479,1.064223127410623,1.5720557976589358
0.8725974341447365,0.8545691519823798,0.600286855889331,0.12771108436825052,0.7886829640051025,0.2569045524413351,0.023092908244096214,0.1002340557220042,0.6030748546862243,0.9628034034248282,0.19698447660737106,1.1748011549784245,0.2967882073522989,1.118620650902958,0.43288958176690095,0.8501768269603293,1.382045410187237
1.0907993203573205,0.5932177698372835,0.5560642947278442,0.05451946753662741,0.49407406077483895,0.16852475370423117,0.02729713176547408,0.06656646037509145,0.7160497139285474,1.1635859733877776,0.14717436551496205,0.8582183940012158,0.2917119490614246,1.031695201312929,0.36431536857242114,0.8661627916512662,1.4452089771859402
0.7772407773441119,0.7327793847283492,0.6861807322119183,0.08929984068604685,0.4176257808138839,0.21875059127925042,0.0348752273716439,0.09901634730445347,0.81131320372521,1.0558847028892375,0.1919807194819094,1.035850425332699,0.2727323070064919,1.058480126766019,0.3776273561637594,1.287789678123347,1.9504739017985375
0.8516254860655488,0.5104916540934318,1.00421090983166,0.10881579239649836,0.5872112040936073,0.26693052657498056,0.020342154981898973,0.11992038802765412,0.6977567992639155,1.3622746412253863,0.21331332068399905,1.093884584053925,0.38232052274651507,0.8964731028460873,0.34827940947318636,1.1207118817312332,1.5143796547485997
0.6079736099307189,0.4833478097374777,0.558602739633327,0.1253727414980776,0.6662861055719513,0.23132635564546608,0.02882362290442187,0.06892556681032452,0.8487151464140864,0.8662046201315573,0.22810754327860994,1.0582830116982938,0.19511890886819397,0.9600812788457355,0.3686602427135278,1.1043765991722192,1.796008176010904
0.8096770363888339,0.8658566668325285,0.5702263732622574,0.29498588466894743,0.5187058150980042,0.16412600557465062,0.03085444919850162,0.08873637455120806,0.5370043363885868,0.9029333482789597,0.1676806817803356,0.8304141378367359,0.2913349996744601,1.236698025804385,0.3353245838912034,1.193950454320281,1.9278448983070064
0.6031681515137016,0.712757384573794,1.0083275044301971,0.23142163676428595,0.8824415452516889,0.17136565550639402,0.020106767468610762,0.10410478761173513,0.5982356770489007,1.3436851413314692,0.14635649196699732,1.0010112378259655,0.3283083726594175,0.8478921667454338,0.24909623043129778,1.0584234677482418,1.5008512180620006
0.9222343508448677,0.817472550524198,1.0811465752613385,0.06320210933411992,0.8187591745602824,0.12924657359605535,0.023824297532357954,0.07449853971056183,0.6990463062333526,0.8619498161878619,0.18615955809849122,1.1196272465389931,0.37403700228028247,1.1610724921140314,0.3609119641964669,1.1676647964507825,2.0217844116590626
0.6833761063728104,0.7253980562431482,0.5736688357440974,0.08252877296629585,0.7077198373661222,0.005766215243077752,0.02280160562042228,0.0998961830572162,0.5314152255519012,1.2330774127392776,0.1952482168348565,1.2026100378528581,0.38369435459675894,1.088210013001134,0.3833964980590929,1.115618481267107,1.4820795484441505
0.9047765847746945,0.5705559117118638,0.9825526694622162,0.3371956570565694,0.6430262181225872,0.1150385505338585,0.02339889535393952,0.0841533986774666,0.5842788773684232,1.3421422290898666,0.12177916783727266,1.1750291916257227,0.18501326589396683,1.005435707507116,0.25044382886581007,1.273798075216875,1.828639245351205
0.7711262087184212,0.8120125001860078,1.0190126510536237,0.1707389172599612,0.7211931275444755,0.23373933996967097,0.02630795526280819,0.10098281755703808,0.7978031501592876,1.1749998221392315,0.18109978003309488,1.1313093880584497,0.27413875304651136,1.072600605011779,0.4288982308889253,0.989935681987094,1.4128510402415122
0.6587621753018478,0.5365788103752765,0.9916378812816639,0.21272647164844644,0.6005910541723851,0.007804726727666614,0.035720798397874454,0.10913771194250642,0.7181465475958073,1.3765338619764558,0.19907225774906945,1.1689260938188755,0.23780390065166546,1.1474325483643302,0.40890232314178276,0.8714765713555018,1.6672757993162692
1.0993628553381887,0.4508105482687567,0.860021119919121,0.3309468888744071,0.6221620665273909,0.25816328324053506,0.03243868132128965,0.11780760520775196,0.7466191188061377,1.3791122763842465,0.23997047313623623,1.1208520908144695,0.303334603444947,1.2057352294580088,0.2658720258192945,1.0442465932816034,1.754710001212463
0.9271777656591635,0.6979688419315848,1.0336320669592503,0.33558062096813845,0.8975359615688064,0.21669625005308055,0.03267489247631329,0.06561930296750071,0.5810111830197398,1.140052268729918,0.14482190364918146,0.9673016594875887,0.28069577899587117,1.0633484591070743,0.40170388091046816,1.0853583091484202,1.67171721708329
0.982058808474312,0.9372175654853847,0.996120824146276,0.1645306230564316,0.5573157237306702,0.15029487031683722,0.02210884888669124,0.09511597407673358,0.5073545906423457,1.0897134366166628,0.18044494280234377,1.1857237265695764,0.3151347423302685,0.8858401820682161,0.3326698010985126,1.1412694937685497,1.7467813983030829
0.9247841163415826,0.9314280253447857,0.6792032847103846,0.3237352965321707,0.8807277627961663,0.04920433384802744,0.023784324890033726,0.07212969328855008,0.6387260915197907,1.2822573545642588,0.15354327906945475,0.898074740847403,0.3576982111345597,1.0848699609224917,0.20060660857610887,1.1928503016642702,1.4211485388696026
0.9727309138680218,0.7514171513202229,0.7174557189419524,0.28367846923381146,0.4575601762501421,0.2643483762136279,0.029037610218275618,0.10385905589013128,0.7416642336013204,1.2263408059874052,0.17364170905184728,1.2726619908591528,0.23569575975614573,0.8796170024622451,0.23335067388354747,0.9037121978582264,1.3062367009659055
1.0198706079421371,0.9176158386474792,0.7566740653964324,0.09422880269769757,0.7044201044518665,0.17235111384849486,0.02137249535149916,0.10426826951644794,0.7970275897915786,1.3303473805138308,0.20776663090869957,0.8688252996735677,0.38339585754643785,0.8835236985559055,0.22270738290437492,1.0709018516123798,1.5383490212807582
0.8890647924181716,0.9329413726661016,0.6026860121287061,0.38935838898543845,0.7251291297627729,0.05048311915696961,0.021599007907630467,0.09312277442028506,0.5599000663607797,1.2672202431051802,0.19632431023850236,1.1589591452638297,0.3442399316937452,0.981242955221042,0.31401828663854875,1.2385101105983831,1.3638749492990057
0.6478942376656596,0.8590546608723512,0.9865344414198498,0.33199390899988146,0.8120886821067189,0.0007731336177609445,0.031487607686073844,0.07654145664557163,0.5077217590484172,1.2770039217386009,0.17245246030969197,0.8946922831353377,0.3606369299673704,1.175535229730135,0.39049708124025406,1.1225225880971805,1.5681816862472173
0.9474329637070233,0.8610579716625835,0.8042514148997912,0.19899506252836702,0.8916972104268837,0.008813100526946858,0.02276652143280833,0.11975518841024486,0.577021934644034,1.2350271982278012,0.19543354194854765,1.2138413299472428,0.3344558793187091,1.1771116119021856,0.3343566562013388,0.9840180830864178,1.6294384412176084
0.9433320744876244,0.6999369866157679,0.7533765356185766,0.30177500264924517,0.5524030525225058,0.12081708466360329,0.025094789775274743,0.07188415061385206,0.8761832147651993,1.3590520005099536,0.16419364584633134,0.901736307622306,0.24577722480332742,1.0804835258406233,0.4313071685792934,0.832208456064379,1.6815662504056017
0.9637409700331976,0.8211381381324495,0.7372714570514998,0.23243135432897516,0.4084075071552622,0.02676082938077347,0.022993301686311623,0.06969311633526099,0.5660390445245124,1.3902790895561004,0.20205574996072934,1.2050450763758684,0.21773779378457053,0.9360312381603166,0.2969026979415629,1.096243488304278,2.0401063356693045
1.001291017236975,0.6630987658040068,0.8478855628889228,0.14153993045534127,0.6551371009713691,0.25500055850907655,0.028421745872465064,0.09253621210073268,0.8527132724970184,1.2907332068008752,0.22705171767939145,1.0119737572868739,0.21031626142215562,1.140805135390206,0.33959883244814504,0.8292868232293538,1.4286609725605002
0.9782783491552507,0.46851904077210177,0.8121658640787818,0.35862959783664516,0.8304596533463313,0.1585706602141026,0.03260955196015042,0.08649227190533176,0.5121896413159764,1.3660334218609398,0.17452592474877143,1.2658384751463903,0.34353137533072053,0.8547385775489288,0.28921203453776323,1.2721820293595432,1.8822409657136125
0.7812728821527889,0.6677388399198518,0.9380321276457566,0.23682348823237426,0.8404240041549322,0.14398451273041477,0.02559475064655075,0.09449857864886343,0.6687759154112085,1.1732380923931396,0.23581071855998276,0.999739128350842,0.31021365270990126,1.005143472434861,0.3278895436106473,0.8205139002475107,1.4253784306496955
0.9661882725317931,0.6786182758642791,1.0601622841674685,0.21328509189711892,0.8668423879675762,0.0112254186259046,0.023869553142980768,0.11881026813014808,0.7225044825434773,1.0749577203349232,0.18951620153747695,1.1244564196604176,0.18847755601616073,1.2498505538854126,0.4218295016885649,1.063561558106446,1.5457901018621163
0.8051485396946033,0.5793096752923951,0.9890442959520724,0.278992978676827,0.8358869131108921,0.0341434929330616,0.026649895400206243,0.08607717012782198,0.8515302023187492,1.1716541136045584,0.2104971493845851,0.9455462545793555,0.24614660093057722,1.135335998509798,0.3935731790947232,0.8020926644836036,1.9674744196040936
0.7477168373103374,0.8884732910524864,0.7065334764978849,0.31186648875854445,0.5799350009275926,0.21051871310977496,0.021060738549405305,0.06498676768374864,0.6947571517383468,1.349839664167319,0.14306823803514435,1.2611328197969165,0.3581465837835974,1.1290614049549264,0.2947058584268719,0.9525477931509323,1.3740217190168653
0.7867498057999802,0.5660902210199211,1.0297157856758021,0.345533316122591,0.47757845412312594,0.15358075517908776,0.03301042904358015,0.07720909529441111,0.8145881988366575,0.9500805035274347,0.13932437143984006,0.8096186436533214,0.2708404827657953,1.1469121843992822,0.2756262379999832,0.8358305357883892,2.0693002894009105
1.0365004540652978,0.7009357912821517,0.7220350172628762,0.36147047070476446,0.7425302942861878,0.2861491632261332,0.022350083997482617,0.07318115239938827,0.533777301922668,1.1337600281471507,0.16320231317764688,1.252410160755292,0.2385608377569683,0.9349396297416557,0.40960736323608593,1.1369803762065152,1.3328617263855325
0.8309595461882081,0.9295710144811473,0.6665350629574465,0.2607809137461811,0.8651046119372072,0.29815676950095316,0.032805593814811324,0.08929546900991717,0.5495000837809386,0.946468971435283,0.22253794686544087,0.9081602744462984,0.2995380064079371,1.0109401676850025,0.41405186876294886,0.8966119006624632,1.595564596633399
1.0515662700663078,0.8337517784687931,0.8076869735739785,0.14834398072841637,0.5541593395280047,0.1559942401228399,0.0356903798490027,0.07976933173136737,0.622909618006949,1.2388135126591266,0.22513064032040775,1.1632291102787016,0.2858757298471928,0.9416641895674857,0.37210988961282343,0.8728017060746724,2.0016231801775346
0.944320342234851,0.680853940854279,1.0903417749240263,0.09719966749985365,0.8409786340033218,0.19054267765160496,0.03564717393369159,0.08074121708670562,0.5994174144733774,1.1936166981707632,0.13002449830400503,0.9222783514677716,0.2761786691812388,0.9620706068747115,0.20751462017972175,1.2916103348039436,1.7518661185295517
1.0763229771671328,0.8324972059339597,0.6591143849904454,0.2641626374483974,0.6707928043789158,0.18779099089719306,0.02514254880882589,0.10801504533439464,0.8942250820160388,1.0068358198351341,0.20245617356115708,0.9241616044139859,0.2287556200857174,0.8119247396596044,0.3462176214108955,0.8225636136767623,1.6781499704774698
0.7029557254158693,0.7925519955973265,0.59220630602949,0.06800527666545098,0.6849514535965338,0.29035697908781277,0.020613248750056667,0.0961037600571682,0.8497766983189736,1.047157060336146,0.1780641641410674,1.2463137037966785,0.32772153297130724,1.1234275122633512,0.3507721710975258,0.8038432166376988,1.8974050053094147
0.6237558622573637,0.7025784520043296,0.7754041276224497,0.3095052108523728,0.8845330864377636,0.24154955601067593,0.025877270536967145,0.09135025060961571,0.6446371810627383,1.0432841088475366,0.13365726162187247,1.1652377569361128,0.2940047465178546,1.0538694347815662,0.40393888384089954,1.0929782850636371,1.9713811917292938
1.0179989243128649,0.5229854315000394,0.6944452212550773,0.24060396120247796,0.6639271120214927,0.14678793562066278,0.021955546855095185,0.10588150850177477,0.8275014690857969,1.0676345105869056,0.12250013027120196,0.9640267571987363,0.2544088645112491,0.8336768538796089,0.2573638828966325,0.9072481565014694,1.335265100468028
1.0044747734718165,0.5063785688699892,1.0544387935018513,0.05236258371084992,0.6359594061043261,0.04716047318738853,0.03407400883055912,0.11895646191518833,0.7811667285552271,1.0305627003099735,0.17148132419800224,1.1352316240378608,0.33352512018401237,0.9280314752534871,0.337154371578853,1.2926979855640544,1.4021791445560092
0.6006814249660077,0.7694111919331735,0.5633559142970579,0.10670592497656291,0.5277634331013134,0.161485237207503,0.035784223728200455,0.09157580100748608,0.8931504132341153,1.086903620465726,0.13656762098076303,0.8072838147468424,0.36787460826914914,1.1290812472380682,0.2624775018168122,0.8494728393509304,1.663076200670682
0.6514100866381517,0.5039152920277249,1.0786738853358848,0.13349963987921976,0.709672410775406,0.08233800885542433,0.02041747401532031,0.11681094663097848,0.7699785544199893,1.3571387753836854,0.17181995392227703,1.2252662554595855,0.3123227704785658,0.8056015015094143,0.38814020695928086,1.2580805806614221,1.8246476316804783
0.7986007256124998,0.810091099510366,1.0767099484133809,0.055520037875851025,0.507942370610983,0.20317517855540448,0.035803659732080786,0.08912171964742238,0.8207109987717518,0.9987364956725597,0.20533148585586158,1.210335915334408,0.30732563954089165,0.8977817394893818,0.3393906962502482,1.17375571285011,1.724376666667112
0.6848692950113763,0.5572153366172498,0.9405643569954523,0.19993439062105378,0.5876985226256771,0.010156705321037915,0.023014822328429826,0.06980429174478107,0.8022954787166654,1.2111789165525852,0.2056094041630731,0.9297459889651785,0.20608034493130606,1.2416477772996397,0.37068852281321363,1.2321608951893248,1.8584944058776296
0.6423843866602813,0.48127888248037753,0.6517121771137236,0.27774084408536615,0.6863106972211555,0.05782716378407188,0.021276695534252547,0.0935084857921831,0.8637616127859082,1.3978267772406856,0.15770775545813603,0.9114369879099642,0.18350958847746468,0.8809919507336444,0.32492917699690926,0.8260629383277578,1.4185532992080148
0.9414619973409285,0.8636561382160413,0.8978636946986722,0.1437790824916764,0.57009309023705,0.07940970014294416,0.029942072312459614,0.07773262422781076,0.7330363493046391,1.128481440540593,0.16177505708976886,0.8686485336336641,0.22958796124573724,0.9428050234326758,0.43861539931548316,1.21273061062002,1.7801668830371922
0.9006352934217643,0.6914062760111903,0.7455256844699834,0.25230923619431683,0.6990038312903426,0.14331341663974403,0.032148909936765446,0.0845502289456366,0.5207382021713891,0.9324963010000241,0.20292168826426377,1.1594444394809371,0.19399169488842566,1.1135332241705012,0.20515402194325652,1.2781210224202266,2.054317969761996
0.8036849673796164,0.5954151745112474,0.8943129936209318,0.3145380441241255,0.6174883737889829,0.07414362420462796,0.028274176240603133,0.10395702194015863,0.5161157616108066,0.9999121252412296,0.17990009375825655,1.1423470950063477,0.38149206546149583,1.0196449902010065,0.33151983403009233,0.8247789726138224,1.9176737923106681
0.7499431554583315,0.5845319414391921,0.6287691288415623,0.3918371388818428,0.44529109355752006,0.28482463202602865,0.0344928064386698,0.116315377185917,0.6083493762130179,1.3247177687709664,0.1958755296683078,1.2357615869497753,0.19227860286117732,1.0746952449095288,0.3729168296539469,1.1717293021591464,1.4419021672603642
0.6712266483854324,0.8255975991093767,1.0037463882066355,0.2896391936884758,0.7841633826492688,0.0421202596835688,0.029643679947286426,0.06229227394967317,0.7483866185275144,0.8528792907959865,0.23093891043009412,1.137140977272669,0.2874426291219878,0.9445385005484146,0.43016087779525153,1.145623616513371,1.9414176419141969
0.9320193763932325,0.7882669267766544,1.0100681043586524,0.11965607117875299,0.5937934438745198,0.29145145366235725,0.021806234804384206,0.09624558507703641,0.8723904133570335,1.2434192699638331,0.1491285089687217,1.1399867718975023,0.3417103175324533,1.0998789109410172,0.31397438703657465,1.027100276224618,2.0910010408964688
0.8145944227835581,0.7816204974425631,0.6546824576606194,0.17576261711429247,0.8049317089494848,0.12759486010250382,0.02329056655807264,0.07283661501032854,0.5886722625743129,1.1623192849452577,0.2260454791980443,0.9316976763241946,0.354982363228741,1.0994110331988096,0.3096615165246671,1.129049022903957,1.7213107504032459
0.692539555426078,0.8499322485820427,0.7375278252742952,0.38444661438008,0.6672375734914162,0.2696641206080769,0.026066928424084434,0.1018804005175787,0.5284418318651494,1.1445352047436093,0.12765673660949683,0.8289032884420998,0.262281918688995,1.0617142595478466,0.4361040907411583,1.1468761282102424,2.0396516973537766
0.8164953859789523,0.5393865722159397,0.968933841059304,0.2734913408980363,0.4070206215542145,0.02417733511229178,0.023329555346828425,0.061828986009137415,0.6285888879260318,0.8762629973094922,0.12063985196417627,1.0718978012145453,0.2569623064726727,0.8846338834386391,0.3150662152232977,0.9172101000899113,1.6235389706824885
0.8430581245604519,0.830416492371058,1.0123339164608247,0.15780657423205618,0.8063951501143336,0.0293499796939827,0.02724884501471019,0.0830129379786773,0.8032553938830354,1.2340629288346254,0.2192518208500951,1.1023618922098337,0.3525070337044312,1.1313756320648034,0.2689089788457384,0.9391425585814326,1.8381360395105832
1.0078727073329885,0.836952885739895,0.7814133337369827,0.24605431849147918,0.8272202446332155,0.26010285324930227,0.030421692164147168,0.06423462519941033,0.5730243054380992,1.1468993752262326,0.14076512876471334,1.1832260629001996,0.23321347794033603,0.9329410461087104,0.32557759838138567,1.1495249219559602,1.3585359227193443
0.916633799593992,0.7438989571902136,0.6444042092351223,0.15281824449267759,0.8767449074696361,0.060910424972612766,0.033068521924980804,0.06091641542099704,0.6792907803121622,0.9967983699320732,0.15814278709330015,0.8821586180170395,0.25242805836153404,1.0397081543724889,0.21870315869162912,0.8609462283324909,1.3254464898761538
0.6062789106619394,0.9261261047565369,0.5960585575688289,0.08823205466167239,0.42870262277043436,0.17005790050282624,0.021698921784700568,0.11140007605890137,0.5262442396719177,1.1784857688699866,0.19127147874949496,0.9613334578724442,0.2841329443032117,1.2386314167441403,0.43068715816022785,0.8273029811624666,2.0840724387016536
1.086753455317982,0.4765181396512791,0.9978907800373782,0.3280467457626562,0.8284675363438585,0.15544712670312477,0.029060402624949553,0.07782251733013545,0.7636564359229753,1.2741338640442617,0.154736758374808,1.0407696134491105,0.39327816837758955,1.0138507534662522,0.3563170835135161,1.009685191317956,1.383683522714835
0.8961462016476437,0.7903336721964858,0.9509549728123392,0.13510966528843904,0.8454912732486639,0.24887746045034154,0.030942686628530912,0.08701912851506166,0.6829127294828886,1.2682706907813208,0.18165639298394043,1.166025173066562,0.24692018386412123,1.0249285068308238,0.21977690509697917,0.9701892303182141,1.340131116144303
1.0023609579815007,0.5091419977499697,1.0504050691112923,0.26627785287050076,0.4623325784290764,0.0635821106832779,0.024496105691161233,0.06409402182691704,0.7048632912161561,1.1053825315893828,0.13393500570392064,1.0743411873212958,0.3626371018539587,0.9219485590493168,0.27469458594643176,1.0804805622381801,1.9529204706335994
0.8172594334986717,0.8149811430036438,0.7252940600357833,0.14067215513109735,0.6470130729593816,0.20918931382133304,0.034588706520264134,0.1183589734595443,0.7286265291275084,1.102225998477956,0.1522114408277305,1.091394265104622,0.1821245310461528,0.8781608055698241,0.35859608148980837,1.1519115649314318,1.9907711035562061
0.9861020960660136,0.6925954431965927,0.6230783824246127,0.396430343560902,0.4497204316447286,0.2562291493252116,0.031006194518883673,0.11624440894187392,0.6299479033985759,1.137159944548982,0.1388528236360485,0.8934052148243666,0.2590301107340296,1.2139351407783352,0.3919689224777825,0.9316575049847784,1.5246810436306342
0.9329583962357624,0.6728984245599441,0.6478390518986683,0.2874755416419243,0.5685514441679747,0.08826293991181557,0.034755175684815696,0.0902504731045676,0.8263358295712966,1.0772635317418782,0.1936504217869452,1.1979777645479002,0.3564701077355737,0.9240981799024577,0.23966653098663696,0.8523641177423653,2.007336120647275
1.034218984108696,0.9276418032256133,1.080409023198501,0.21816366869142978,0.5099567554331806,0.09848314877400215,0.02603748696744357,0.07254093313160268,0.7141530193357897,0.8842930262121329,0.14106934407347546,1.0105706141913333,0.20940677175138672,0.8828530108378329,0.2834282140065124,1.2399348914345172,1.9804140447434317
0.6956638768887444,0.5284222626631421,0.8496886939551329,0.06708848415215919,0.4522909648395454,0.0857467718746298,0.02765434846752559,0.07469327847839072,0.5437990861610321,1.0338787313648046,0.17290151081614724,1.2299333420215226,0.20983577531821423,1.1443245466492,0.30742530874413193,0.8075237058986063,1.3304989943894845
0.8568323578553709,0.9471370264421148,0.9389196149772937,0.29663682907983735,0.7632450076214945,0.23639340103075915,0.020519447088494142,0.08625606860169821,0.856845394591343,1.0802295404872584,0.18910772355057603,1.0490823508179912,0.3070619401835717,0.9649536344612558,0.3186780908036696,0.9986962415190956,1.7112078384647897
1.0734023124730063,0.5773962195704451,0.9605182801818783,0.299180184188728,0.7726876391050941,0.27222215145077466,0.034036821959459354,0.08724932219942284,0.6807647090363041,1.1242569771910136,0.22659935512656465,0.8212628684451037,0.24149161144008602,0.8409598578908677,0.2677775665036071,0.814137774370457,1.8947304004607912
1.0682286164968386,0.6306434193428097,0.700576260401365,0.36641887069731,0.5498221739508258,0.06493206269776286,0.02986629717057354,0.10573362211836415,0.7093554654474798,1.2892844095418814,0.22291531893977518,0.9477507000597964,0.19945786988584066,1.0179752293648303,0.34719870358318233,1.0673258203723819,1.8699525010693105
0.870382243801525,0.8847776886073137,0.5873217221944437,0.25828022784269017,0.7710622769743074,0.031983737490919255,0.027565658290951103,0.10990766998542705,0.719550991156084,0.9747725259573721,0.12363138562516468,1.0830544882976527,0.36346354824509125,0.8069379204803017,0.41358259347136184,1.1759914442206,1.9389152682242474
0.6676620806948208,0.7867635505004302,0.7911784207839472,0.17265482863583076,0.7682207088708716,0.16106286968717345,0.021895060285296423,0.11281794571899134,0.8324643439092636,0.8879977005793155,0.16613387388428824,0.8548282976918921,0.2748104700960321,1.04570119836362,0.2701435904194004,0.8447442365052171,1.5887555945996925
1.0253013103836934,0.772895962655786,0.6044594472512849,0.21584383895806214,0.5631391699425905,0.13453993844401707,0.02815672542459522,0.06120671933655286,0.6963155711826059,1.0244987315036376,0.18565998358610225,1.0312388831651742,0.2884419072121466,1.0339564253093982,0.25107869465902094,1.2435006356780929,1.801318058201919
0.9766609952401025,0.694478426763935,0.912763123809808,0.3801514049587617,0.5406858961618145,0.20764618610023683,0.024264630963668418,0.06103995202163151,0.7059407109620875,1.228459815767939,0.1851503660399012,1.035952579768921,0.22741737442401194,1.0864388079520861,0.4263776042693316,1.202817675503721,1.7297491101235505
1.0806193000676296,0.8381857368721124,0.7042814924641942,0.16939813342303484,0.6042665297085488,0.21175162495816666,0.03270305861450522,0.07871196071815692,0.5515343835298976,1.2875253537405207,0.20840633322418872,1.1336333959405303,0.3296076491258859,0.8349631739156251,0.2730566509895558,1.1002163154318456,1.412204251811425
0.9515637699618799,0.505241411078269,0.8891455657742305,0.2511689465768847,0.7088221736456247,0.028063986255379744,0.03126391153027812,0.07552801819758227,0.5667032202840024,1.1302743782432016,0.12033213122841055,1.2507052222190094,0.32271189577887,0.9203204500954622,0.24491529993521166,1.1238480886304805,1.3772758601566886
0.8787403925337032,0.6022678865331224,0.9274406720839534,0.34247899177980606,0.5233574714356279,0.18323809026475296,0.02464485045386494,0.0850889981293084,0.6124620012333961,1.3823753057120691,0.12310188184569601,0.9562990689575593,0.37616219517223953,1.0263052511394446,0.31655637860798796,1.182172440557744,1.3389889743120595
1.0688224299582227,0.7986835831121387,0.7873024949405448,0.1964635150213525,0.8479742731360778,0.11838909468424615,0.02893189472196594,0.1071882490477292,0.5835701396804789,0.9885248676483891,0.16881640127936143,1.2873012528795187,0.2069289349746298,1.0224966901512098,0.214013372260718,1.0205131007500177,1.4399180813667267
0.9966685138607457,0.6555838645061359,0.8619898422683094,0.11867356228965714,0.6164503253299267,0.017992050373439625,0.023537964633154673,0.08316701141394389,0.545465921260547,1.3373203317886841,0.23715065697514343,1.282551539271834,0.21445697505894726,1.225574382607261,0.2264539858654078,0.8546124954417587,1.7134339591638497
0.6604427774604447,0.9195277804312005,1.0987801339817675,0.06119098908826693,0.6517305213124072,0.08252523030687134,0.03136030279013087,0.06379473072428102,0.7931515339603363,1.0601223016757935,0.22385060028806486,1.1826652598000367,0.18019361725616928,0.9568315080044876,0.3176959926999725,0.9216478314001207,1.324164692766919
0.9742781419456625,0.4990150845230088,1.0682287749122388,0.08091855476120259,0.7272938742164192,0.24204160714949907,0.032288452939247536,0.07849339261038692,0.8831199708894403,1.2200007757664957,0.12887531382310183,1.0229735116371372,0.3569363113116353,1.0736746209920476,0.4064804401262871,0.9390383555966795,2.0082153748139673
1.0465274706694567,0.9032985126817623,0.800398667976182,0.1395147235477709,0.43744943376432244,0.2749506728333924,0.02976445814868582,0.07175308949463552,0.688600414423643,0.9456925364043871,0.21168877974090158,0.8800086893325273,0.28356813267316466,0.8266697256559474,0.24288021411372832,1.1335501453473478,1.430923573932713
0.7187843371057459,0.8683930758850192,0.8867921898352542,0.19248469570590315,0.7823953182824503,0.16957842765306444,0.027078464745662383,0.08144281396269028,0.7586638691852983,1.1136987367757203,0.17617802631471055,0.8568453250248877,0.2625333729130318,1.1322603634589876,0.33083832617618447,0.9936028442607957,1.6387222768096832
0.9896174812841134,0.916070260249808,0.7520090970096069,0.39370012340764465,0.4911913031883044,0.1952338464502653,0.0219482048178145,0.11335975414957365,0.6152620454314646,1.28002830139997,0.13957079160886032,1.162031269661803,0.25947160470565594,0.8927296721774092,0.38265187407602086,1.0611289393638546,1.94272343795216
0.8869991589828652,0.6761288500727237,0.8055865281119521,0.09240961455929503,0.8736949903000641,0.1942328943346228,0.026943323016441423,0.09075646002138572,0.7764455607628593,1.0590187280664443,0.18881804369421712,0.8048574784014282,0.21094146877908004,1.159546245265207,0.42666358911479096,1.2640659240199938,1.5514157271341082
0.9069716402894867,0.736807146160862,0.6179945686400299,0.3153746607299753,0.6949907515321796,0.14009667105318227,0.03490730869458362,0.11603881323729753,0.5943790355762419,0.9076892313484214,0.1499263121362689,0.8031931649105333,0.25718430495176126,1.1558667326261611,0.4192295498939141,0.935563551551405,1.396076156397036
0.9761950066012185,0.6270278307888818,1.0416192688244077,0.36204120621154384,0.4422423518743563,0.12344994791321663,0.03012130454743229,0.06874027912295745,0.8340932153225256,0.8679777451682026,0.22114966772477732,0.8000450538235184,0.3801846405062562,1.1085994760505278,0.21308104573573736,1.053785885542565,1.6346723649165567
0.79597753466058,0.659456198056902,0.9995454099175733,0.3774695428594847,0.7556881907235518,0.004505534054353107,0.020584411938314007,0.09837833609832597,0.7078972289714437,0.8628256025914954,0.13757447124576078,0.8866937846353438,0.22897113936022828,0.8566847177612392,0.4227724213243317,1.2167678059380416,2.0165274688135058
0.6192854286258704,0.4535893775266365,0.7791056183182938,0.11703521218003052,0.6094247929773988,0.08445679880275841,0.02540086846431282,0.10945659649120006,0.5332383925033283,1.0885475564764784,0.1504759161937831,0.8830048391342873,0.3450633931086974,1.209403641273354,0.2913099423187,1.0775216931344533,1.7044591420196202
0.9847081004671767,0.746323818719816,1.0838087644509966,0.38622776135657005,0.8992367084450614,0.17559103667966186,0.022587138217495785,0.11950237819300658,0.753255139803721,1.1079071789705055,0.1518309594439224,1.2323354110214013,0.39416482001292696,0.8637583236385709,0.43505474203171424,1.2804634229684422,1.6323921714696343
0.9025488386571447,0.8522225663459069,1.0068916593118462,0.28503683628609144,0.6596787010375578,0.0074108186452909435,0.03518764545631498,0.09698594147301506,0.8509468244094145,1.355617202560693,0.14555574498674678,1.2236170148314311,0.3315090206844614,1.2079485735436872,0.24720052165842102,1.2013889992234614,1.8113573984242817
0.6867457376742441,0.76218482471428,0.9315571226097178,0.1208266478876287,0.6955666389668929,0.08365746738532548,0.034295165231126905,0.10638385052144735,0.7673301073338921,0.9198562428667142,0.12412060593594892,1.2373748939236164,0.20507447036461218,1.0071321413881427,0.21633032060806673,1.1854055548971774,1.8272485016551423
1.0889984303699405,0.8553074770754399,0.7463912437941271,0.3822106910270622,0.44536868033474486,0.21418225400020988,0.02730232571070528,0.10344697030208208,0.6129114214074527,1.261499716907159,0.1934334431956134,1.0469896531849514,0.3656645968795502,0.8219866233036073,0.3452795540771265,0.9102633560478046,1.3780200225563315
0.921456537732148,0.7387659181422649,0.8293344947543462,0.0732315085208743,0.6257262272658888,0.01348291734056152,0.020199122252680786,0.08432883314943534,0.568216977862835,1.3193077156817432,0.1884066516055844,1.0184107734544046,0.3414207313413896,1.1837253229373996,0.3620581890121076,1.24113848505983,1.635947726322153
0.9509427531314603,0.5266382059578978,1.016036648778444,0.1978351267033404,0.45054179620490536,0.06101488834717568,0.024183356613105358,0.09551048931613695,0.6043570089880685,0.9297203532549911,0.13224145606187515,0.9743896339856262,0.2675421703671308,0.9841553354140016,0.39714562956358884,0.9488687672650886,1.6110144331147989
0.7312584033805483,0.8224649882374544,0.7280132669594682,0.38785911468452783,0.5068175115876025,0.037153327577101596,0.02405375910344148,0.0648540683844971,0.5360107948069176,1.2547110957378893,0.18477268904267216,1.1132377605354034,0.38664447481748787,0.8296264191872936,0.2176968215263983,1.086095082393052,1.8762229385430946
0.7835463259195056,0.4798234314417261,0.8274309549907464,0.07763714403901087,0.8129324802768871,0.2879616608814826,0.03113403242172346,0.11573158616860713,0.621683126873314,1.0101231275798437,0.12746594723076127,1.28436310857145,0.32483457311246344,1.1725553026229887,0.2602619174842984,0.9559890523600167,1.4927141464276907
1.0403575685372601,0.8766151383655291,0.9576666512279619,0.19136822007102705,0.6081974733131459,0.12096591542356841,0.0236031104715813,0.06855552319417847,0.6004959412215656,1.1173316108148537,0.20981925132278303,1.2853376622652113,0.2786522289409507,0.8762090602452316,0.23821160714237452,1.0658474033026284,1.6943691960251555
0.8913996672715141,0.9093930307747992,0.9785421849252981,0.18744986631730332,0.405550585225044,0.25277504519307525,0.030620579844308483,0.07647593477843018,0.6895389774451034,0.9611038096079731,0.18746944559850456,1.0266490764040754,0.3502656497370312,0.8654773698208811,0.31227604594747205,1.2894664621422693,1.765981779477722
0.822700883160108,0.4559430904255212,0.7343204330547773,0.08517501611229988,0.8559121069678699,0.04494701214517744,0.024408414583153272,0.09065917645618025,0.5241078214379984,1.1033031608930268,0.20174029540408236,0.9971531210284141,0.23272216235620236,0.8954632364430064,0.42864042130485486,0.9939848840671952,1.9141573436985964
1.0052027665555876,0.8697021229172717,0.9866004997047527,0.1295320496051543,0.4146994658896508,0.14788208367235856,0.033201094701203734,0.06902520732654896,0.8592284787512037,1.3866343653199031,0.1360683986805247,0.8539685857323321,0.35097909407665906,1.107086065254688,0.24104364227548233,0.900970526860972,2.0568552357116303
1.096490591149566,0.7535303455645695,0.8924680220778257,0.37273109241211483,0.4218052644557624,0.0016164276845153137,0.02527123430825789,0.07021381477820773,0.6319583034440807,1.1534318169110034,0.16018885528139878,0.9586194474958669,0.35355069692403507,0.95519205132814,0.216971362687338,1.2989079979755869,2.01387892115694
1.0510230226709247,0.7332387169381008,0.7749227329718665,0.3042287097172671,0.6454368719463174,0.1497115454269537,0.021728081501383483,0.11052648983392745,0.606900166501259,1.1106856179429374,0.22768241403311446,1.0631456594404578,0.3722467849166529,0.9514208952328373,0.3128032408097199,1.2215421309846497,1.6266867553191913
0.7850287425430732,0.8287114518090941,0.9918647313613835,0.2544894585088082,0.4259170219300919,0.04252494069874436,0.030386689664629138,0.09415121539973387,0.7742365317687347,1.1587784676879618,0.16988333255044524,0.9004916619326625,0.253315497257018,1.1116841057332043,0.41541370335826944,1.1649724219626654,1.7987155847285055
0.7456663853348434,0.4914791881773601,1.0962997243066206,0.10279933366857169,0.7751200121686561,0.250186227563765,0.03205980303943575,0.11435319832614232,0.7408331284279833,0.8741796560328031,0.12144398929789407,0.9142992101943684,0.3874534783178175,1.083765514942862,0.22776596860449874,1.196948671165122,1.8899020288364776
0.868180591493829,0.6200114942034352,0.6752786771254902,0.11286839877772673,0.815457861805939,0.25965355284194547,0.02036874605886502,0.08193116273510441,0.5864679855716554,1.3059503979160871,0.22728519745452685,0.9335711648236289,0.3704637970237926,0.9861880777215504,0.24421670205056184,1.1450459493851992,1.9101227656099364
0.936401757196116,0.46315456226617574,0.5807496364375679,0.38056074726076927,0.8438905569723951,0.22015615632348987,0.024245078087507643,0.07121998363512191,0.5309371234694666,1.2943587518894737,0.17651659259848262,1.2754645495633277,0.3987548081379447,0.8100121632458027,0.40269075730675286,1.1829650140115535,1.7024242715058755
0.8701461563858814,0.7309695447266422,0.7903131600591944,0.1487332170458861,0.8718732498465128,0.14839437837356084,0.026847974310131074,0.09121153476577007,0.6632344437779685,0.9110647224226309,0.14515137917284351,0.985519617262345,0.27025382854889185,0.9307002605779784,0.2568409188089189,0.8166826313166845,1.8308094910527921
0.8488963978025293,0.7777182420662386,0.7266875105757876,0.19078052981510846,0.5996479304618273,0.23940194914567697,0.028553900495922074,0.07617114120102696,0.6246758771545884,1.099101476203175,0.2327004548335016,0.8173554987833731,0.3239860969474284,0.9778137861882166,0.4346337724471402,0.9370745522584701,1.4360974932921269
0.6659976068598317,0.5607237510236169,1.0582462787794802,0.20408637145124803,0.774211702004064,0.04629086851809699,0.03533488175824418,0.06611121390527618,0.8058987121069601,1.1867994187903939,0.13124818357843204,1.1185042191188992,0.322306424298382,0.8252223811126193,0.25238084750855033,0.9968860919885683,2.01917409908422
0.9201453266815347,0.5913980821094066,0.7626807392902919,0.168314854161991,0.6975811269856825,0.2970747273237125,0.035276992006453366,0.08773091092298808,0.6395022149003956,1.069232699388799,0.19462480080943162,0.8022255088399047,0.3264928661990867,0.9134540925553687,0.3058384828066122,1.0357264842138154,1.536745796402423
0.7413367179290249,0.564635170566681,0.550026811166057,0.12557822143878383,0.7614994905862875,0.10063611082238087,0.03380930605918931,0.09290359245262092,0.5463485234505346,0.9332872896810618,0.17539690791793858,0.9921908425722865,0.1901004943215794,0.9540543674231208,0.3489852467622126,1.2280204529183678,1.9320417435125674
0.8072308975697239,0.683522779442405,0.9082067542168192,0.22579752222198635,0.6017927844035744,0.06263700893913952,0.020704831491767828,0.10519177132197108,0.5013672872115257,1.365311033937056,0.1261924818078049,1.0383073945852006,0.24467762830964096,0.8886856686541786,0.3949993875811738,0.909123250586633,1.8524050276466968
0.8472217670944067,0.8484251121311901,0.6126946945441187,0.08998720073931696,0.6395400957341904,0.05303952394278104,0.028757001997237762,0.09171628404224191,0.5892462497402552,0.9012211056730813,0.1881691786800861,0.9664661424205945,0.39713792649591484,1.0596689564816122,0.4041145723044449,0.8949436707836607,1.8347461414256436
0.7672173934117342,0.8947816471277141,0.5930091548984603,0.2197099512638872,0.7220922170179644,0.22114994905219382,0.03553673636814566,0.0651756232800339,0.6550104612598304,0.924577709860818,0.1266016402508137,0.892172033399295,0.1847485328605728,1.2285877747945106,0.279338324187599,0.8741100793969041,1.9641759354435373
0.7357547205643975,0.5500597533115731,0.9033695092490373,0.10519621476602946,0.5928625765412806,0.22511945850852327,0.02453775890038757,0.11489986821427557,0.8408375087564741,1.2152675421357086,0.19658875960657357,1.0686034364781725,0.22233683090883005,1.0178870745684296,0.31829425084658736,1.2042463638394807,1.4912105064030596
0.8639586686160168,0.5140491065910808,0.7495236105526418,0.2010641735817732,0.5785900201041747,0.0713415995283294,0.034846141556496874,0.09202254880492461,0.8626433943083031,1.3942690718336268,0.18703583059540294,1.0330099938552386,0.24764733480516496,1.246075349129133,0.37793298631601074,1.2862252290562142,1.93572360785968
0.7450775563165313,0.8763382494484389,0.6300162265730254,0.2693712516664939,0.459230312075674,0.13635586737607408,0.03397701154601114,0.09729535838247891,0.6563347581516001,1.0344169808543666,0.21746930870080922,0.9344624010771628,0.2903510323619718,0.8616870919827146,0.3891859467924208,1.1633494024841475,1.7554956826110304
0.6104885603680531,0.5530579481576415,1.0699256815526161,0.16147286751833645,0.5465701477266109,0.0998013371827095,0.028728303942115646,0.08975872677261838,0.5190834430515426,0.8814975106531912,0.1440049302025128,1.1985713039199961,0.18626308679185732,0.9767445196514464,0.3223722882900637,0.981087495212766,1.4839816431241626
1.024023683206581,0.6487502365734026,1.0876730397408967,0.16527923732380928,0.7663990863107235,0.03956276709968072,0.03015963088364433,0.11929942800555449,0.5429417010385745,1.1201689124684227,0.19392219931946034,1.1782758464245027,0.2508340358946143,1.1154458809821652,0.2020367196721847,1.160386345232122,1.6220966677976343
0.9945366568111941,0.4593431471637123,0.6055227188306289,0.2228473458137738,0.768923745953099,0.1963470192321926,0.03509130046424532,0.07145687970937675,0.6341535323999341,1.1804843611413895,0.15234307969481742,1.1946935877744433,0.28678163155276626,1.1345753071791078,0.34235262962229507,1.0560214362795786,1.8733523564806787
0.6808457377844023,0.6645194292049179,0.7988432439997585,0.3065575250579809,0.47294007523618153,0.10696061059472063,0.035929736071017446,0.10242258442396368,0.7658890772711839,1.2648737455744707,0.20055394578976243,1.0198116143133091,0.3210635279983679,1.1366154182383963,0.301891243171854,1.1905409519310994,1.3482394646089646
0.7599423595892756,0.8741530647672119,1.0352182361314801,0.27145387161334467,0.43520685775283363,0.07251508922812448,0.021413374291113563,0.11120406950148641,0.8294612026678485,1.0122211275445612,0.14806018252372205,1.1142222997700317,0.23433076164769412,1.009927833225227,0.3752714581380685,1.1583438604056888,1.7857912463605055
0.9284254084343755,0.5865874175572701,1.0490469276624461,0.2810063254779243,0.5660508608230159,0.022558651402874365,0.030333571515147973,0.07597459636302105,0.8172843650977379,1.3166390989153092,0.19050589329748377,1.098499555388742,0.27488939150486524,0.9990998244757281,0.4252703344595087,0.8837203309714635,1.4036108199358188
0.6169041030852015,0.6121580070717374,0.7968584207841541,0.21664523344034614,0.7029496006856846,0.12452513091338488,0.032750987509915036,0.10960183621555311,0.8810291630702738,1.161072551092162,0.12678672709548355,1.085888723017425,0.3045971192465338,0.8998175491786493,0.3744422144458587,1.082970629092188,1.8157719554632976
0.7505482051675932,0.4875616656810864,0.6220060377124831,0.10052353369190549,0.5138550984631537,0.21609329392936774,0.03289659768599684,0.09658342410905232,0.5561532404871161,1.021879901498142,0.17902248972673673,0.9953799869207156,0.3131497863961028,0.9576118114824441,0.21570308461158477,1.0570230203113269,1.3443026167114769
0.8260499071742569,0.8829367368718457,1.0473264146734063,0.06079768543330831,0.5047555156148658,0.03656170751948773,0.021531150469788096,0.07836020348764275,0.686088869867729,1.3962340376683424,0.1293626814517707,1.233881823129917,0.1977532186253445,1.1063372100153492,0.2775708809928141,1.1083401000476751,1.4438263627142052
0.946831771327898,0.4566349427616662,0.5523962569144507,0.07104667755400432,0.6929357206443629,0.06815261764747077,0.028655340708863664,0.09896865696390449,0.7594170304956079,1.1431381682714679,0.1387173960833901,0.9785380891824054,0.35170896269024055,0.9370483544651111,0.39873731409950386,1.0724560766023807,1.609972370116518
0.9623036307416072,0.5010320148073275,0.9047375785657465,0.07930459359321874,0.638030269777635,0.1795815343041367,0.020088433859475775,0.10046226435182486,0.5820075116929193,0.983789963380963,0.23217291715382127,0.848631983590233,0.18904255058763486,0.9927145134366692,0.35943877866093166,1.0394687079951266,1.5623492706171065
0.811560891081127,0.6576992587059252,0.7652109823327864,0.21861406295601027,0.523787089438037,0.04550400124600548,0.03026841522762463,0.09531174313714869,0.5968417424443948,0.9922110790664864,0.17815743439827886,0.9726516529604825,0.33983219384774144,0.8698535610115371,0.3337311731230266,0.9275787131028159,1.7611525698430521
1.0497698362611125,0.4515922912737058,1.0650443337324706,0.34012018161133023,0.5196719701657566,0.282677508072898,0.035205169478921695,0.10300596147656238,0.730441913298693,0.9208821058230444,0.2035766765449999,1.1543769400707327,0.3062788589137201,1.0936738777943744,0.2584491039720669,0.8880554451517099,1.5491210880647845
0.8215212009818149,0.589184295371473,0.6963164039202971,0.2805177287005962,0.8035052524607114,0.27161131998811044,0.024363395222818385,0.06340229891728288,0.7425256812195239,1.3324533718974219,0.13715969815057383,1.240950376743477,0.31931506904768836,1.1215053295939892,0.31127029648678217,0.8110825430955605,1.76382101225198
0.8761858088012251,0.48562314407466217,0.8726965644975524,0.24550352757601057,0.4954504997999157,0.031214530915087253,0.0206545984914284,0.08361568548547564,0.8010981858485478,0.871896281407027,0.14007837585367575,1.1068649372039037,0.3372383054756676,1.1195636255390915,0.28631203643285325,0.8137967957262099,1.3151956292257407
0.908594750096388,0.8867176619279504,0.6089223106434067,0.0905510641274917,0.5604976899273647,0.18061668536036748,0.03415001697224858,0.09010155053580543,0.5738990107763546,1.207550888795096,0.12094162828889744,0.878406890507519,0.2191126888267726,1.2218373621753686,0.3798559995817099,0.8750091375613961,1.6071270045321047
0.7621283563558919,0.6053240457291242,0.7685048822224436,0.16780312577259593,0.8489181825018847,0.2959691534263185,0.022857847105793635,0.09763883036107904,0.6577037192598165,1.0930123341854558,0.16828526760997414,1.0614043594856504,0.285143913882533,0.9968491378514845,0.41080424565540624,0.8089084258777787,1.9676511267547552
0.8363351625373832,0.6880169412078332,1.0221347321549596,0.28249813869668955,0.4645418424123185,0.1861491916583236,0.031051012388219126,0.08335634829440378,0.8103272929434611,1.2032036198433833,0.17333219586653076,1.0874711733075988,0.24833447677819448,0.9030286856174686,0.25962373571808106,1.1429749680851509,2.0584039654630173
0.9035459130327625,0.5674443785400362,0.6162924311984455,0.2675067906038439,0.47395079159422987,0.2183246221774034,0.022218495214569648,0.11386324053980346,0.7377662076639304,1.107058025163619,0.1350436306195492,0.9510901808691032,0.27822977624686696,0.8905286329836277,0.3870910952909272,1.0322409504049779,1.5424255825713562
0.9250481660680756,0.46931557033118465,0.9366705487964045,0.13605797116727852,0.744315730086355,0.1933342583814501,0.027914045558857896,0.07226532600562019,0.7210098875443023,0.8639948481815286,0.2059327183526838,0.8119762863241765,0.18286222989766143,1.212419118841352,0.40536700173570817,0.9464609030500883,1.86198091609277
0.6970948239487536,0.6395637519479405,0.7591027662616241,0.31987901913261185,0.8212794540963315,0.21190016597987613,0.02290029766140312,0.09943680407119393,0.6685529467773543,1.39836675986276,0.1787469755223845,0.9102447476286093,0.28521674413814396,0.9667400511877607,0.3768708593066959,1.1877271314044646,1.8175479824640113
0.7744740250173971,0.6233217018157482,0.8373718168119717,0.10223562818306944,0.8894628839994463,0.1811307679343077,0.020880615090946176,0.08102027682949219,0.6370717466135749,1.3125227633667218,0.21676788546152842,0.8957857444392305,0.37457736592974944,1.1790488057918596,0.22077017302135513,1.2543142677066892,1.8077365749283976
0.9912431221821099,0.7189015184394574,0.5643537523584454,0.07731640513349392,0.46916401222850046,0.1781542689751449,0.02718493654097517,0.07369524756195597,0.8194689852387496,1.279297184110027,0.2336223786049591,1.1685118572840643,0.22483773426764075,1.0822380680416264,0.2234131025953362,0.8797571636738539,1.7910854181094134
0.6398316314357682,0.8128413737350568,0.6511584158622195,0.15555199199512926,0.41355652262834575,0.19162963917795034,0.025703911987811797,0.10260789305638969,0.5478347084509727,1.1219303799109284,0.166081855409601,1.1418859353047839,0.3388560037347649,1.1889402592829401,0.2736101487935389,1.2048191908112735,1.7777665401708482
0.6415574931091081,0.7059666341802026,0.9023376514065791,0.1567799445535512,0.8515636707253078,0.03300202086649889,0.026859955144764153,0.11370555642253852,0.5393942507567759,1.0037742627916464,0.21784587140940542,0.9423514328078036,0.37951951535496886,0.9053316415755024,0.41815339841883314,0.9339852261766597,1.9928456577957896
1.0950085693789096,0.5994521383351297,0.7644051493066186,0.18521056815302284,0.6508204387849146,0.27805163533545824,0.03196102035485898,0.1108812074091254,0.7323849977636369,1.0156519924310596,0.21829133097089137,1.2394121931746471,0.2894542137863093,1.0038237853361802,0.21230926171867517,1.2503868420977287,1.4967829246390871
0.6439302726721537,0.8906485690106953,0.6642063197991601,0.3451277246910781,0.5727335096588101,0.11206951108390574,0.02254552526159739,0.08905963551752706,0.7961176063909643,1.2171141470223952,0.18233460417633238,0.9559773225218242,0.3196103637046178,1.1176937709197723,0.28305633657291607,1.1030184335699555,2.0511255198798715
1.0389567445258596,0.7630009487914162,1.013450970113203,0.18844613335543714,0.6875978577330557,0.051039722211458236,0.02164621099200937,0.07274462304684019,0.5931208660557308,0.9349394300476637,0.12425535196565654,0.9265613266083919,0.20178747073284778,0.866918483352391,0.41063478364107464,1.0486314966399688,2.0471090778701257
0.999874441113302,0.6661494410314437,1.0393307342934022,0.14588221523393977,0.5350172571819153,0.201213429847012,0.031752176456801215,0.07951739271196179,0.6592797681810626,1.2701371823466077,0.16657837494082206,1.0137113404066513,0.22089273763070383,0.9944192478415284,0.3462664110535468,1.139569994722312,1.7263001340863973
0.6775419214114583,0.46123206453718824,0.6932875399173911,0.11179166325823311,0.73354812896957,0.10454668201958817,0.03588059211902592,0.1153964669450778,0.7877244024368886,1.0972215638963185,0.1628918012512613,0.9872100926480922,0.2828097081104365,0.8145404411752434,0.31563414617689317,1.1719729649189259,1.5120754811475536
0.6219870285575284,0.9148488440599493,1.0882834653218638,0.3007537053951652,0.40238071463723024,0.24022898161821837,0.03369274551786812,0.07340284462818704,0.7002624898950318,0.8590805119974607,0.1811386063264051,1.043486525433002,0.3639671043856103,1.1644598714914327,0.2720003913898475,0.8821891439570019,1.6034244184939557
1.0926839022904158,0.7677561137098756,1.0157399837929244,0.3952814606008422,0.868941939415443,0.07319029146349695,0.03220341861320063,0.07305509103347683,0.5784201846692048,1.3533268453054443,0.21601301899217296,0.8388971617200564,0.300308566321966,1.2241868969721112,0.28417646921482737,1.2292528601784487,1.6879208003099915
0.8192554809197056,0.8015202458402676,0.9225812983019429,0.20533354367685214,0.8254681065319671,0.18931751946098999,0.029112314689553748,0.0947530329423158,0.6335752295960086,1.3284575326960948,0.1820667612737765,1.0573259698219637,0.25020283727977566,1.0012549458731546,0.22975158262317893,0.8589590396400189,1.4596677133514446
0.7640362404181692,0.49509211530588443,0.9469956872943264,0.3232210101570315,0.5912175080742925,0.11302917535695906,0.025760789145967057,0.10147755306254004,0.7224493874482907,1.311583862325295,0.22897203363933327,1.187289600491514,0.24399642066071214,1.076319036487476,0.32174541659277656,1.2108404806901962,1.814363598006897
0.6339140413033328,0.7648905271170905,0.8448796244326415,0.2469764880391494,0.40026752385190223,0.27002388554216333,0.024746646388633352,0.10180157103145222,0.8187027850845907,1.0521340378794966,0.1692830097834488,0.9717273344678675,0.39553207688025416,1.2326176973487404,0.3197554979828623,0.8865285368079467,1.4858199002847607
0.6754264963669461,0.5027106652266676,0.8805785113271917,0.3220697352057499,0.424302393408444,0.1524373187493222,0.030682677713692565,0.0936667391740226,0.8667660144608844,1.0276843224236307,0.21597609833194614,1.0018978349240342,0.3170830345111171,0.9724462420911815,0.23257075890066475,0.9020587186531878,1.7396781348537165
1.0975230414923938,0.6955850468351871,0.7100513426961504,0.36327501034629656,0.8629283141714152,0.16272856234336977,0.033166264373904866,0.08547341094140895,0.8233070904635282,0.9955649648286204,0.23951063240273185,1.1703568362628127,0.34837294635860017,1.0275922661406336,0.3527977777993482,1.1616995214447592,1.4747776056776496
1.08365285301162,0.8788053177257132,0.9535742441289653,0.3477788844951734,0.861849649069852,0.1514370497548553,0.034374740012515136,0.06292001050875941,0.5035428281962064,1.1699946337049445,0.17075718433950707,1.025855403832697,0.21231588133725668,1.0909798203247982,0.30940507089277786,0.9140527022585937,1.8029269511372825
0.8612514602872952,0.8162533825832377,0.565738826451188,0.15421573850486917,0.571841292320945,0.24422866635819637,0.021486816747838828,0.0743321687425886,0.7034471930079365,0.9273467614556612,0.21538739830902173,1.2884973595402758,0.33660693162502475,1.0154864286417686,0.34372311412440326,1.1961299507055196,1.6982458561201117
0.6061201197360151,0.5378174066407518,0.8635961898915012,0.3260789407095815,0.7936218631848828,0.2542867079715053,0.032175849391153706,0.08551310529268005,0.675698436450892,1.2054774403743134,0.21430510923849888,0.9939903288979225,0.24995146041660488,0.9315556362851514,0.2098002641082409,0.9153648029912302,2.0352261827281017
0.8969392550663885,0.5943289357099694,0.6412351854851785,0.06603181694293037,0.5149811437200605,0.08007779305867126,0.02370077479268308,0.09973846665275218,0.5602158899171175,1.2482856082620821,0.21117879540330703,1.096758542378693,0.26328243986347194,1.173104982013169,0.24521424917605286,0.8853383957242582,1.6474528731661542
0.9702288472159322,0.532492044137495,0.57831337936813,0.3072796288781592,0.7248134369233568,0.24473114909553667,0.02524695796743886,0.0826500192113685,0.8221885246186491,0.8695142194647763,0.2139031537982045,1.1162281378210364,0.25181405415172814,1.2403229917078749,0.3007862621013875,1.0784009890439896,1.3082042378852166
0.7549529463036242,0.9207501027880413,0.7151412141141519,0.38295166774883166,0.8374134261966453,0.24624990853826906,0.027852901729375386,0.06142164672441519,0.7127754594936734,0.9708192620770477,0.2007640471721371,0.9757753899911918,0.38901032492912413,1.1658993170678156,0.23378212529772333,1.017947572258973,1.7064974005983404
1.079199006325591,0.9304579944938971,0.8904521121562219,0.3166149841111517,0.48078992672484144,0.11537679604242759,0.026536355479626288,0.09858967987808664,0.6176122023702915,1.07270975121156,0.22136861577250871,0.8769967048785217,0.22136792739815486,1.168572619520835,0.40575308384425834,1.186816931582257,1.7097617527100888
0.6578064081019129,0.8823745481990731,0.7199729598733308,0.24991936248968794,0.6217734525829107,0.028345819372071642,0.032475920045540625,0.0674533354502186,0.8450546280056054,1.1504280372348954,0.23050321213600633,1.2909743792970378,0.23530312548739163,0.9856163358358523,0.2349702096822885,1.2980266292005969,2.098140698821152
0.9553973891107428,0.6336737811317463,0.8147442721565938,0.29989770024598056,0.6249566476354302,0.25204829270250667,0.028528501598706867,0.10697507741733367,0.7070465536222477,0.9129363566535087,0.21465347950058544,1.2384678858460019,0.29474605786013225,1.1585193129861646,0.27676361123911714,0.8003506790347651,1.6560462698172198
0.9534053010839008,0.6384476278078564,1.019740768281638,0.21109325155389158,0.52570840941438,0.1601107446132827,0.025545893152992036,0.11718459025476713,0.5852267809584712,1.3930598074728797,0.16479603722074596,1.0905513482310067,0.3978424458027243,1.1863416459593186,0.21489072896708253,1.0153917771369672,1.7449941590341875
0.7150953467352323,0.8066986784088039,0.5767013365223984,0.1746426898318631,0.8323586971860706,0.2948873712095108,0.026494738005831235,0.06695012103561354,0.8964968799982931,1.0493500185823021,0.19250740140893552,0.8086168078991224,0.21974961926129177,0.9681122907836365,0.21118777746641562,1.037433800562382,2.0319448566841087
0.6116257428838269,0.5345197749777415,0.6633775555074559,0.1825062608524491,0.6781381347036595,0.14206292561257752,0.03055282865273941,0.07090747607614756,0.672451446639878,1.197083852686935,0.21373267813526006,0.9642588766971731,0.3715827322671268,0.8432915386694062,0.2542102839824087,0.8201164919545105,2.0025931657406195
0.6610844025080037,0.8515534603007214,0.8686602651200137,0.3510764196868389,0.5900398265904635,0.09108089740838705,0.025809728452890365,0.11694551128236164,0.6059356421070756,0.8900720773572443,0.155105793683444,1.203339229007098,0.24092496765419794,0.9072844945896716,0.424444366472625,0.96192539966306,1.9622280096817004
1.012897393605055,0.6012869145056066,0.57140278072437,0.18656705702481646,0.46842662448251926,0.23340354885876866,0.02922370248731325,0.09240941408726933,0.5187005506895356,1.2844176290719882,0.1899834849475151,1.0802461132910577,0.21686747169618945,1.0350064058211819,0.23191087813346273,1.283053380209941,1.5542643558050375
0.7228849106269971,0.6173762056999076,0.8842668818532702,0.23273316484415685,0.43372307261848647,0.08077234008037365,0.025611579789394004,0.10603074876278758,0.6644173305526612,0.9412395076281114,0.16050127697660224,0.9288802836720157,0.2799052083196406,0.9970447155679205,0.39642184908138023,1.270435615001832,1.4672024731345628
0.8652587880152255,0.7742896857755771,0.5540191510106564,0.24442827918512944,0.8724890956315032,0.23241747023879872,0.034331691068223744,0.09095768305494274,0.6165600935776011,1.3353728553202318,0.15419404532346878,1.2212388224748452,0.19817928294625325,1.0972185791857596,0.43201196856813906,1.118724544102682,1.5096486042002395
1.0901018956750852,0.5816620448950647,1.0751040367466025,0.2767400014895855,0.5335577294458997,0.21364181959489378,0.021215939223755517,0.11074161241317489,0.7113888055136864,0.9042713891087648,0.17744927314022874,1.2428769051096613,0.27339017478193506,0.8011193156631017,0.33634594008779484,1.0114072924440871,1.3111474177447342
0.9973419336656614,0.8979880329179791,0.721328013619239,0.33851863946390987,0.7314864142360888,0.14147823221034794,0.0354417718778999,0.08244398675970094,0.7542782479998308,1.3008094710763323,0.2240712503298401,0.9875475184814829,0.22543694096150085,0.9470854679325513,0.29406264275743854,0.9743170227816956,1.6490898785021326
1.0623557185298376,0.7035791222779775,0.8969654001869818,0.33264126224397894,0.5208010233470778,0.11960408071301704,0.02932586636987479,0.10131495532259883,0.5047533414455341,1.3689845696276695,0.2349507150045405,1.0281894459551473,0.25811689455367526,0.9012150600952331,0.3031121755167955,0.9598473350504211,2.062959442296255
0.8468367212276011,0.4593815097688088,0.6457414418875945,0.20965473504432952,0.4199938098189176,0.23026740734076054,0.026997799828585158,0.11494157403388844,0.8041551734549357,0.958864336090092,0.1984415755428835,0.9492181851595327,0.3117926954236626,0.858803893622656,0.22459835267361591,1.1804655653704048,1.8403601017049689
0.9113305975102723,0.5147338810986002,0.5831424258070987,0.12211603153618728,0.6285800994879884,0.18985864293386132,0.034711996672421926,0.11156402105211999,0.6405996065544077,1.2410649559253761,0.17033931732178745,0.9171325799529652,0.3596702417833425,1.0669221448858146,0.2190564077419667,1.0304917444791595,1.6190952219966281
0.7795681843054862,0.6349811888652206,0.661221630713292,0.22275105749693114,0.5448463507395223,0.2689740192985634,0.033289381890293124,0.09219555710819571,0.6479111951437572,1.2594089406000668,0.2217328046580064,1.0033638457405132,0.39244963518462384,1.0474195566715985,0.25862088389290555,1.2442184881013814,2.0794034527334873
0.7004384732639446,0.6236138030388299,0.9232029348666149,0.050645021792835865,0.8388436640789703,0.22724881843857117,0.02641713487087817,0.10893606258826151,0.6095001297444023,1.256948190073972,0.23744084704240315,1.1274244122058175,0.18578615730814063,1.0794204812155854,0.42032900671033346,1.0483150265764278,1.9754617350519739
1.048082900901522,0.6103997048516213,0.557769845206318,0.0579067400559508,0.853862245158652,0.2357634102115471,0.032558978174618176,0.11349558221192566,0.8248336631782172,1.3215223048175004,0.18413825917426596,0.9131501503182302,0.3697243787602861,1.040994229985027,0.32668146776881835,1.126816744225782,1.9262534815379933
0.7266634756641446,0.8078991387716634,0.9550977818007704,0.09604863319884557,0.5814882500909824,0.2386448598409931,0.03119628566370819,0.11858251990156059,0.7948653272209172,1.30875601700688,0.14602108813446335,1.2541283713575422,0.31447529403628455,0.9183533211418005,0.2902252311729098,1.281804496766706,1.783278601710187
0.9140661467582739,0.689256839121933,0.9107262894489747,0.35705731213904907,0.5033938515873722,0.025845901740241685,0.02777074783745386,0.10859218390275185,0.7913942343017646,1.323238829796855,0.16227568014035965,1.153030889621888,0.26142682334209794,0.9457627259440072,0.25353120200814855,0.9872803734080542,1.4339833036043774
0.6559647380092948,0.9460588250631484,0.7060666205693377,0.22638568585019053,0.5856759533536715,0.17804439623654686,0.029396915252763167,0.08388033824208826,0.7819480061815693,1.2985418198143481,0.22932805131491918,1.0247284121945275,0.31394870846928946,1.0086324497627779,0.30833375549118813,0.8702164230025463,1.460973670853722
0.71341809124405,0.8896168211565816,0.8650235696582587,0.08039043521897833,0.5586558734605036,0.12206782813529843,0.024997535325848853,0.07877866454758341,0.5137723955662368,0.9736257488311905,0.14835967595050556,1.0464881045038297,0.29227373693586534,1.2359371186146046,0.2849356661129046,0.8968756361002332,1.304425488182599
1.009588827755879,0.6365710525737116,0.8817396101364094,0.1836523675272137,0.7363842173527055,0.06687449833390591,0.02004496497643689,0.09580905712806344,0.5961580799785744,1.0174289635410518,0.21275929249411252,1.1553666961889164,0.33022318797438854,1.1256343882619826,0.3844247952987139,0.9119440738168589,1.9897996045376098
0.6533964180263938,0.5829138365735624,1.0522384107896108,0.22775302734794967,0.6724121328922941,0.07049543494049705,0.023429505218163223,0.09795877523789646,0.5419964111236002,1.3188929257869855,0.21823649562279573,1.0399613113298272,0.35318643511016146,0.8173698438135125,0.37904108788338164,1.2853882938300043,1.4485937981129973
0.7380228888874248,0.7785595527379743,0.8024026284136307,0.07503653682334427,0.6267236135766092,0.05230793736172138,0.028327430993548848,0.06813394405787129,0.5534173064445194,0.9159550240867373,0.20860925424370155,0.8233912863627064,0.22673283701621147,0.9732560830721082,0.3738341264662787,0.9845540206382689,1.6170966017236532
0.6265142728037614,0.8723534073652951,0.6810428965924189,0.08392338107395367,0.7201431938132004,0.15781799866273824,0.030225454930735002,0.06839870382149262,0.8617858448750815,0.9674411516401656,0.20011517219893477,0.8755901419006382,0.27691787328570955,1.1683125343725775,0.2996692860566272,0.9190823130728074,1.9583272093598119
0.8829785104225325,0.8056985809054502,1.0724190435625789,0.2351446736383061,0.4660133370614413,0.2765357269784934,0.03234564622833938,0.0748951168147256,0.5263694680858626,1.1487404910245558,0.15689265836719418,0.8196011506999576,0.2240364268295291,1.094907219631991,0.35783182167640615,1.1386338545085462,2.0239681107406424
0.987718615218164,0.911864702269313,0.5821589934921927,0.13804247426248162,0.455148802554342,0.28189618741678213,0.028887179947097125,0.11024947809521034,0.7728907919691714,1.0447170823953895,0.2340008332222054,0.9059550374123424,0.19052519656856146,1.203957291933186,0.28009391204859463,0.9263031757853908,1.9234328868421533
0.9175280125213517,0.7968858357018196,0.6712464213640705,0.10715284905300371,0.4819838472539282,0.012522438322801014,0.0253850302160493,0.11914772214457342,0.5694595650570132,0.8555568461968344,0.13438039020819234,1.0698029652773415,0.3649210499268898,0.8322864511308748,0.38020229994352306,0.8549138615328848,1.6827415527827616
1.0316058374680264,0.47454047544488104,0.7548261610654377,0.2300235468787798,0.7509309576042011,0.2623508944934297,0.03159663617249325,0.11524619381260551,0.6138518252994256,1.2848896170519906,0.2385601005187826,1.2267796928682253,0.25596708750228564,1.0917025785722667,0.2821011358931703,0.8048603471834894,1.4878736921918212
0.7647714545791854,0.924576361158957,1.0976373345960972,0.17770754999385285,0.4853151475811369,0.27862482896052587,0.034447098324107125,0.11317656948295948,0.8997177619828397,1.2489931581228657,0.1866257366872925,0.8880061597892874,0.33484865550959403,1.1741532988411052,0.36666109846501327,0.9161863477884591,1.650102405342757
0.8018026808490447,0.7097812235121919,0.8313312202584948,0.1794088474831519,0.6916043643735315,0.28504384181867604,0.03006371947221658,0.1140190066378993,0.6194013869373486,1.0828229291577194,0.22574114516715227,1.24921130096737,0.29793179682537196,0.8475951985860348,0.34032113684748566,0.8774769858480294,1.768927190116103
0.7371256058157941,0.6132928287147752,0.7014473123846104,0.14499707770593406,0.8761713643206881,0.11047680950540041,0.030470434530776053,0.10503686890295749,0.8772642938868165,1.1769801333403014,0.14675717365155855,1.1810055758432692,0.33814403888719713,0.9707726979312779,0.3550380556704633,1.1325582565864398,1.4247671043681067
0.632118117498897,0.6285700064706928,0.8173973011501355,0.09289587541791695,0.8875453501544271,0.1370138157644252,0.02459097503878546,0.06996322260908219,0.8909854120377192,0.9550062925756798,0.23014901935999543,0.8142936995497421,0.3725677596616433,1.2341434402375426,0.38195203488760426,1.059863539304067,1.8351405056369012
0.8391540373709688,0.9022843629305278,0.5906008458339207,0.05366048478130568,0.7529359030421094,0.13162350995349503,0.020950071944918887,0.07409855033940375,0.6497307314359763,0.854134025227939,0.14772837867457422,1.1894753047665412,0.24884561594636037,1.2159191867010144,0.2633091334528117,0.8999232937048052,1.8072193927864988
0.7214297393357676,0.7833865997745416,0.9737346334601445,0.2398382689060522,0.8432637340287805,0.09554823705954502,0.03299036597555262,0.0675072416111896,0.6433675924334974,1.3157231905737314,0.15896204442592224,1.2560165521503552,0.23405920133187827,1.1844376058362487,0.40088496625982617,1.0037388292332428,1.4517905977727419
0.9927492468101716,0.607121703949357,0.9474161249916033,0.1091872259782503,0.8007615480091943,0.05400980435990423,0.031331363793502244,0.11186337596020536,0.6620983267870213,1.3693593635375705,0.23522947258715932,0.9702170797954803,0.379019765019357,0.8294774411715511,0.2673772449356284,1.2309213532122802,1.5346344659829987
0.6377036767869866,0.7110212186866085,0.9074174154170964,0.11606284181725433,0.4707416469999315,0.10678122600120024,0.02624031007231252,0.09780638064545961,0.6913321780128597,1.292568343383434,0.1983110159948377,1.22022756300267,0.30065693715891584,1.0647292809973554,0.29990585248856577,1.0256163081148055,1.7714229159213235
0.6344837130849379,0.6423121333344209,0.7856432676167548,0.29258729751832524,0.8866842898960338,0.015400590243286699,0.03098289511425059,0.06055599253953191,0.878747235836717,1.111915526792785,0.15951041806598695,0.9826468687472301,0.3405570778489685,0.9919431571725668,0.34985571458253417,1.1192665244677473,1.6411132975817597
0.9585269967216388,0.5691675627806854,0.8341521650740666,0.3719170971485553,0.7999813233627793,0.09243852650146635,0.023945412751900774,0.1144321801330459,0.7847420936537041,1.3843703490225794,0.14270997478945738,1.0715177152446758,0.35423046861996454,0.8878833594771924,0.23705976805658072,1.0248148165962936,1.4998403364241502
0.7971268264171979,0.7234809874599731,0.8394046965995259,0.3535901005650887,0.6579096798166091,0.1018276661559666,0.02942968289884155,0.09819205014439997,0.5500728115599551,1.1408998460843478,0.16568864554519291,1.2714701025201904,0.2601767242358842,0.8621691466650376,0.3814560723290666,0.867604106086559,1.6615488720325031
0.97033181891185,0.5180500357953629,0.9809297965781203,0.19367536929290385,0.6746408301590037,0.15433493129676246,0.02596708640001975,0.10469453537592154,0.5061965935779654,0.9665770927231554,0.12814493013272327,1.1449928503435212,0.3652719096405697,1.196881257966969,0.36027426658319117,0.856347870097509,1.7337153904176585
0.968658604636438,0.6166260732288665,1.0271771097358096,0.18207936735318292,0.824679492949033,0.06648319525075579,0.025007328817756545,0.09275275067730987,0.6451570234007351,1.054143533876104,0.20955062975925448,1.1292977048743484,0.2949932720270811,1.2219909736282817,0.330338237870782,1.2789863146907545,1.5984404691889207
1.0635013762794117,0.5217777891298999,0.8184558892023386,0.2554661775626662,0.4313503460635383,0.05914419981261186,0.021760506973368576,0.08585872188862258,0.8090024778308543,0.948274456380633,0.1486783318480815,1.07623733597211,0.34612161230379884,1.0385476019401887,0.2763722591380903,1.134725742903318,1.862839069549171
0.8006627270206035,0.6827138906865643,0.8525597949478272,0.11355610704992597,0.7297161941309294,0.26545333430424917,0.026378848883950208,0.07893751202269685,0.8561001316558505,1.2274554640521103,0.1994181054432249,1.2292855681216195,0.23763688688276102,0.8523114041487914,0.30682082118607695,1.0057246265351818,1.3994594440523667
0.7175286778667771,0.775956628643359,1.032282908181604,0.17683624357854527,0.5301669179861211,0.27979968727141785,0.030835606843214666,0.06531214096017374,0.7101317043380013,0.9436071609450515,0.15325547904031994,0.983901117235112,0.20772143994819692,1.2305576266631553,0.35302511974737094,0.8375264639389657,1.314925415105659
1.0648846729054295,0.7497927102780315,0.8459145913276873,0.3743276584465661,0.7406366205045092,0.12484108334127123,0.027138768547740964,0.10745278699260001,0.6252180129066713,1.1267360884614828,0.22043661392148897,1.1487820229324293,0.21515489869646348,1.0373883417087009,0.2616495202999052,1.2959973450721751,1.5861368151164905
0.8884089082921516,0.6528170406709723,0.6317434553033736,0.32742767477558443,0.4884063857334811,0.10279607350262311,0.034248085999344716,0.07046209556592133,0.6603580816827673,1.0628674202943973,0.12508865498764007,0.8620895063907488,0.18711529402512542,1.1024067160827726,0.4210118893081188,0.9750087417833441,1.3859562191317407
0.9388515823699267,0.7797864284640694,0.8733293513988107,0.3686975006359935,0.6824921661940355,0.10375185950949198,0.03371368057042617,0.06065987029683961,0.5133688475237584,0.9170336028162177,0.18384079485170973,1.0924594267529717,0.39931931460841286,1.2439600274421518,0.252767902482154,1.233237419934428,1.9867175636033543
1.0817680265148668,0.6580456105351056,0.714825496823059,0.22473556653623278,0.5289775836381705,0.04822005972686316,0.0211656806249671,0.07947526303946609,0.6531840376273679,1.2715049071008324,0.17255234215484944,1.0150783959480565,0.30389885379908366,1.1636649026347126,0.23987782238437586,0.9414171794749735,1.576933005263673
0.7587925948856719,0.8594659607345547,0.8773420889195058,0.325435078085758,0.7919457625056974,0.23762985562775427,0.02022751475065044,0.08016988175511562,0.8076841677913726,1.0381170997321656,0.15375099951214385,0.9898390982590027,0.2648639978580258,1.1868213500852047,0.433716383037783,0.9787811838250642,1.5945701516310988
0.8446696686641185,0.4785669529123772,0.7118715419184677,0.3549041831632993,0.8925815441221716,0.15697791693414231,0.020947292341904265,0.08125460664283396,0.8819227424404719,1.2641558726561741,0.22234255183128326,1.0525405149076474,0.355442381443296,1.2026543388087036,0.37605270328863283,0.8903208264620315,2.0765328778090097
0.939503154809684,0.7483718327332063,1.045919846309891,0.39068693687423467,0.8178491433796596,0.2888204666164163,0.02515910225910336,0.06798128666225554,0.6019204105315207,1.1888414133804786,0.2377504605374147,1.2110826280625835,0.21589484424335129,0.8272236880695135,0.32085266570381604,1.1793146191047708,1.4571698157395419
